{"instrument_id": "hc1810", "date_time": "20180403 15:33:07", "high": 3451.0000000000005, "low": 3451.0, "close": 3451.0, "open": 3451.0000000000005}
{"instrument_id": "hc1810", "date_time": "20180404 18:29:58", "high": 3451.0, "low": 3451.0, "close": 3451.0, "open": 3451.0}
{"instrument_id": "hc1810", "date_time": "20180404 20:59:00", "high": 3484.0, "low": 3447.0000000000005, "close": 3450.0, "open": 3453.0}
{"instrument_id": "hc1810", "date_time": "20180404 21:04:00", "high": 3456.0, "low": 3439.0, "close": 3445.0000000000005, "open": 3450.0}
{"instrument_id": "hc1810", "date_time": "20180404 21:17:00", "high": 3450.0000000000005, "low": 3436.0, "close": 3437.0, "open": 3445.0000000000005}
{"instrument_id": "hc1810", "date_time": "20180404 21:30:00", "high": 3451.0, "low": 3437.0, "close": 3447.0, "open": 3437.0}
{"instrument_id": "hc1810", "date_time": "20180404 21:43:00", "high": 3450.0, "low": 3428.0, "close": 3436.0, "open": 3447.0}
{"instrument_id": "hc1810", "date_time": "20180404 21:56:00", "high": 3438.0, "low": 3428.0, "close": 3435.0, "open": 3436.0}
{"instrument_id": "hc1810", "date_time": "20180404 22:09:00", "high": 3438.0, "low": 3429.0, "close": 3433.0, "open": 3435.0}
{"instrument_id": "hc1810", "date_time": "20180404 22:22:00", "high": 3441.0, "low": 3430.0, "close": 3436.0, "open": 3433.0}
{"instrument_id": "hc1810", "date_time": "20180404 22:35:02", "high": 3447.0000000000005, "low": 3436.0, "close": 3441.0, "open": 3436.0}
{"instrument_id": "hc1810", "date_time": "20180404 22:48:00", "high": 3443.0000000000005, "low": 3436.0, "close": 3437.0, "open": 3441.0}
{"instrument_id": "hc1810", "date_time": "20180404 21:04:00", "high": 3456.0, "low": 3439.0, "close": 3448.0, "open": 3450.0}
{"instrument_id": "hc1810", "date_time": "20180404 21:30:00", "high": 3451.0, "low": 3437.0, "close": 3447.0, "open": 3437.0}
{"instrument_id": "hc1810", "date_time": "20180404 21:56:00", "high": 3447.0, "low": 3428.0, "close": 3435.0, "open": 3436.0}
{"instrument_id": "hc1810", "date_time": "20180404 22:09:00", "high": 3438.0, "low": 3429.0, "close": 3434.0, "open": 3435.0}
{"instrument_id": "hc1810", "date_time": "20180404 22:48:00", "high": 3443.0000000000005, "low": 3436.0, "close": 3437.0, "open": 3441.0}
{"instrument_id": "hc1810", "date_time": "20180404 22:09:00", "high": 3438.0, "low": 3429.0, "close": 3433.0, "open": 3435.0}
{"instrument_id": "hc1810", "date_time": "20180404 22:22:00", "high": 3441.0, "low": 3430.0, "close": 3436.0, "open": 3433.0}
{"instrument_id": "hc1810", "date_time": "20180404 22:35:02", "high": 3447.0000000000005, "low": 3436.0, "close": 3441.0, "open": 3436.0}
{"instrument_id": "hc1810", "date_time": "20180404 22:48:00", "high": 3443.0000000000005, "low": 3436.0, "close": 3437.0, "open": 3441.0}
{"instrument_id": "hc1810", "date_time": "20180404 09:00:00", "high": 3438.0, "low": 3425.0, "close": 3432.0, "open": 3438.0}
{"instrument_id": "hc1810", "date_time": "20180404 09:09:00", "high": 3454.0000000000005, "low": 3431.0000000000005, "close": 3444.0, "open": 3432.0}
{"instrument_id": "hc1810", "date_time": "20180404 09:22:00", "high": 3446.0, "low": 3432.0000000000005, "close": 3438.0, "open": 3444.0}
{"instrument_id": "hc1810", "date_time": "20180404 09:35:01", "high": 3443.0, "low": 3435.0, "close": 3441.0000000000005, "open": 3437.0000000000005}
{"instrument_id": "hc1810", "date_time": "20180404 09:48:00", "high": 3444.0000000000005, "low": 3435.0, "close": 3436.0, "open": 3441.0000000000005}
{"instrument_id": "hc1810", "date_time": "20180404 10:01:00", "high": 3448.0, "low": 3434.0, "close": 3448.0, "open": 3436.0}
{"instrument_id": "hc1810", "date_time": "20180404 10:14:00", "high": 3449.0, "low": 3445.0, "close": 3449.0, "open": 3448.0}
{"instrument_id": "hc1810", "date_time": "20180404 10:30:00", "high": 3462.0, "low": 3446.0, "close": 3458.0, "open": 3449.0}
{"instrument_id": "hc1810", "date_time": "20180404 10:40:00", "high": 3465.0000000000005, "low": 3453.0, "close": 3456.0, "open": 3459.0}
{"instrument_id": "hc1810", "date_time": "20180404 10:53:00", "high": 3464.0, "low": 3453.0, "close": 3461.0, "open": 3456.0}
{"instrument_id": "hc1810", "date_time": "20180404 11:06:00", "high": 3465.0, "low": 3458.0, "close": 3463.0, "open": 3462.0}
{"instrument_id": "hc1810", "date_time": "20180404 11:19:00", "high": 3468.0000000000005, "low": 3455.0, "close": 3458.0, "open": 3463.0}
{"instrument_id": "hc1810", "date_time": "20180404 13:30:00", "high": 3458.0, "low": 3442.0, "close": 3445.0, "open": 3457.0}
{"instrument_id": "hc1810", "date_time": "20180404 13:42:01", "high": 3447.0, "low": 3426.0, "close": 3428.0, "open": 3445.0}
{"instrument_id": "hc1810", "date_time": "20180404 13:55:00", "high": 3435.0000000000005, "low": 3418.0, "close": 3426.0, "open": 3428.0}
{"instrument_id": "hc1810", "date_time": "20180404 14:08:00", "high": 3426.0, "low": 3411.0, "close": 3420.0, "open": 3426.0}
{"instrument_id": "hc1810", "date_time": "20180404 14:21:00", "high": 3424.0, "low": 3410.0, "close": 3419.0, "open": 3420.0}
{"instrument_id": "hc1810", "date_time": "20180404 14:34:00", "high": 3433.0, "low": 3417.0, "close": 3423.0, "open": 3419.0}
{"instrument_id": "hc1810", "date_time": "20180404 14:47:00", "high": 3438.0000000000005, "low": 3415.0, "close": 3421.0, "open": 3423.0}
{"instrument_id": "hc1810", "date_time": "20180404 15:00:00", "high": 3422.0, "low": 3422.0, "close": 3422.0, "open": 3422.0}
