{"instrument_id": "hc1805", "date_time": "20180410 15:20:11", "high": 3813.0, "low": 3813.0, "close": 3813.0, "open": 3813.0}
{"instrument_id": "hc1805", "date_time": "20180411 18:35:44", "high": 3813.0, "low": 3813.0, "close": 3813.0, "open": 3813.0}
{"instrument_id": "hc1805", "date_time": "20180411 20:59:00", "high": 3814.0, "low": 3814.0, "close": 3814.0, "open": 3814.0}
{"instrument_id": "hc1805", "date_time": "20180411 21:00:00", "high": 3817.000000000001, "low": 3810.0, "close": 3815.0, "open": 3815.0}
{"instrument_id": "hc1805", "date_time": "20180411 21:05:01", "high": 3817.000000000001, "low": 3810.0, "close": 3812.0, "open": 3815.0}
{"instrument_id": "hc1805", "date_time": "20180411 21:10:00", "high": 3820.0, "low": 3811.0, "close": 3812.000000000001, "open": 3812.0}
{"instrument_id": "hc1805", "date_time": "20180411 21:15:00", "high": 3817.0, "low": 3810.0, "close": 3815.0, "open": 3813.000000000001}
{"instrument_id": "hc1805", "date_time": "20180411 21:20:00", "high": 3820.000000000001, "low": 3815.0, "close": 3818.0, "open": 3815.0}
{"instrument_id": "hc1805", "date_time": "20180411 21:25:00", "high": 3819.0, "low": 3812.0, "close": 3817.0, "open": 3818.0}
{"instrument_id": "hc1805", "date_time": "20180411 21:30:01", "high": 3818.0, "low": 3812.000000000001, "close": 3814.0, "open": 3817.0}
{"instrument_id": "hc1805", "date_time": "20180411 21:35:01", "high": 3817.000000000001, "low": 3813.0, "close": 3816.0, "open": 3814.0}
{"instrument_id": "hc1805", "date_time": "20180411 21:40:00", "high": 3820.000000000001, "low": 3815.0, "close": 3818.0, "open": 3816.0}
{"instrument_id": "hc1805", "date_time": "20180411 21:45:00", "high": 3825.000000000001, "low": 3816.0, "close": 3825.0, "open": 3818.0}
{"instrument_id": "hc1805", "date_time": "20180411 21:50:00", "high": 3832.0, "low": 3822.0, "close": 3823.0, "open": 3824.0}
{"instrument_id": "hc1805", "date_time": "20180411 21:55:00", "high": 3825.0, "low": 3819.0, "close": 3822.0, "open": 3823.0}
{"instrument_id": "hc1805", "date_time": "20180411 22:00:00", "high": 3822.0, "low": 3818.0, "close": 3822.0, "open": 3822.0}
{"instrument_id": "hc1805", "date_time": "20180411 22:05:02", "high": 3824.0, "low": 3820.0, "close": 3821.0, "open": 3822.0}
{"instrument_id": "hc1805", "date_time": "20180411 22:10:00", "high": 3823.0, "low": 3815.0, "close": 3815.0, "open": 3821.0}
{"instrument_id": "hc1805", "date_time": "20180411 22:15:00", "high": 3821.000000000001, "low": 3815.0, "close": 3820.0, "open": 3815.0}
{"instrument_id": "hc1805", "date_time": "20180411 22:20:03", "high": 3821.0, "low": 3818.000000000001, "close": 3820.0, "open": 3820.0}
{"instrument_id": "hc1805", "date_time": "20180411 22:25:00", "high": 3825.0, "low": 3817.000000000001, "close": 3819.000000000001, "open": 3820.0}
{"instrument_id": "hc1805", "date_time": "20180411 22:30:00", "high": 3824.0, "low": 3812.0, "close": 3815.0, "open": 3821.0}
{"instrument_id": "hc1805", "date_time": "20180411 22:35:00", "high": 3815.0, "low": 3809.0, "close": 3811.0, "open": 3814.0}
{"instrument_id": "hc1805", "date_time": "20180411 22:40:01", "high": 3813.0, "low": 3807.0, "close": 3813.0, "open": 3811.0}
{"instrument_id": "hc1805", "date_time": "20180411 22:45:01", "high": 3814.0, "low": 3809.0, "close": 3814.0, "open": 3812.0}
{"instrument_id": "hc1805", "date_time": "20180411 22:50:00", "high": 3817.000000000001, "low": 3813.0, "close": 3815.0, "open": 3814.0}
{"instrument_id": "hc1805", "date_time": "20180411 22:55:00", "high": 3816.0, "low": 3809.0, "close": 3809.0, "open": 3815.0}
{"instrument_id": "hc1805", "date_time": "20180411 23:00:00", "high": 3809.0, "low": 3809.0, "close": 3809.0, "open": 3809.0}
{"instrument_id": "hc1805", "date_time": "20180411 21:50:00", "high": 3832.0, "low": 3822.0, "close": 3823.0, "open": 3824.0}
{"instrument_id": "hc1805", "date_time": "20180411 21:55:00", "high": 3825.0, "low": 3819.0, "close": 3822.0, "open": 3823.0}
{"instrument_id": "hc1805", "date_time": "20180411 22:00:00", "high": 3822.0, "low": 3818.0, "close": 3822.0, "open": 3822.0}
{"instrument_id": "hc1805", "date_time": "20180411 22:05:02", "high": 3824.0, "low": 3820.0, "close": 3821.0, "open": 3822.0}
{"instrument_id": "hc1805", "date_time": "20180411 22:10:00", "high": 3823.0, "low": 3815.0, "close": 3823.0, "open": 3821.0}
{"instrument_id": "hc1805", "date_time": "20180411 22:15:00", "high": 3823.0, "low": 3815.0, "close": 3820.0, "open": 3815.0}
{"instrument_id": "hc1805", "date_time": "20180411 22:20:03", "high": 3821.0, "low": 3818.000000000001, "close": 3821.0, "open": 3820.0}
{"instrument_id": "hc1805", "date_time": "20180411 22:25:00", "high": 3825.0, "low": 3817.000000000001, "close": 3819.000000000001, "open": 3820.0}
{"instrument_id": "hc1805", "date_time": "20180411 22:30:00", "high": 3824.0, "low": 3812.0, "close": 3815.0, "open": 3821.0}
{"instrument_id": "hc1805", "date_time": "20180411 22:35:00", "high": 3815.0, "low": 3809.0, "close": 3811.0, "open": 3814.0}
{"instrument_id": "hc1805", "date_time": "20180411 22:40:01", "high": 3813.0, "low": 3807.0, "close": 3813.0, "open": 3811.0}
{"instrument_id": "hc1805", "date_time": "20180411 22:45:01", "high": 3814.0, "low": 3809.0, "close": 3810.0, "open": 3812.0}
{"instrument_id": "hc1805", "date_time": "20180411 23:00:00", "high": 3809.0, "low": 3809.0, "close": 3809.0, "open": 3809.0}
{"instrument_id": "hc1805", "date_time": "20180411 22:45:01", "high": 3814.0, "low": 3809.0, "close": 3814.0, "open": 3812.0}
{"instrument_id": "hc1805", "date_time": "20180411 22:50:00", "high": 3817.000000000001, "low": 3813.0, "close": 3815.0, "open": 3814.0}
{"instrument_id": "hc1805", "date_time": "20180411 22:55:00", "high": 3816.0, "low": 3809.0, "close": 3809.0, "open": 3815.0}
{"instrument_id": "hc1805", "date_time": "20180411 23:00:00", "high": 3809.0, "low": 3809.0, "close": 3809.0, "open": 3809.0}
{"instrument_id": "hc1805", "date_time": "20180411 09:00:00", "high": 3823.0, "low": 3808.0, "close": 3821.0, "open": 3809.0}
{"instrument_id": "hc1805", "date_time": "20180411 09:05:00", "high": 3822.000000000001, "low": 3813.0, "close": 3816.0, "open": 3821.0}
{"instrument_id": "hc1805", "date_time": "20180411 09:10:00", "high": 3820.0, "low": 3815.0, "close": 3817.0, "open": 3817.0}
{"instrument_id": "hc1805", "date_time": "20180411 09:15:00", "high": 3818.0, "low": 3812.000000000001, "close": 3816.000000000001, "open": 3817.0}
{"instrument_id": "hc1805", "date_time": "20180411 09:20:00", "high": 3817.000000000001, "low": 3801.0, "close": 3804.0, "open": 3816.000000000001}
{"instrument_id": "hc1805", "date_time": "20180411 09:25:00", "high": 3809.0, "low": 3802.0, "close": 3805.000000000001, "open": 3804.0}
{"instrument_id": "hc1805", "date_time": "20180411 09:30:00", "high": 3808.0, "low": 3800.0, "close": 3801.0, "open": 3805.000000000001}
{"instrument_id": "hc1805", "date_time": "20180411 09:35:00", "high": 3807.0, "low": 3801.0, "close": 3802.0, "open": 3801.0}
{"instrument_id": "hc1805", "date_time": "20180411 09:40:00", "high": 3802.0, "low": 3793.0, "close": 3794.0, "open": 3801.0}
{"instrument_id": "hc1805", "date_time": "20180411 09:45:00", "high": 3794.0, "low": 3773.0, "close": 3774.0, "open": 3793.0}
{"instrument_id": "hc1805", "date_time": "20180411 09:50:00", "high": 3783.0, "low": 3771.0, "close": 3772.0, "open": 3775.0}
{"instrument_id": "hc1805", "date_time": "20180411 09:55:00", "high": 3780.0, "low": 3771.0, "close": 3774.0, "open": 3772.0}
{"instrument_id": "hc1805", "date_time": "20180411 10:00:00", "high": 3783.0, "low": 3772.0, "close": 3783.0, "open": 3774.0}
{"instrument_id": "hc1805", "date_time": "20180411 10:05:00", "high": 3786.0, "low": 3782.0, "close": 3783.0, "open": 3783.0}
{"instrument_id": "hc1805", "date_time": "20180411 10:10:00", "high": 3789.0, "low": 3783.0, "close": 3786.0, "open": 3783.0}
{"instrument_id": "hc1805", "date_time": "20180411 10:15:00", "high": 3786.0, "low": 3786.0, "close": 3786.0, "open": 3786.0}
{"instrument_id": "hc1805",