{"instrument_id": "hc1805", "date_time": "20180411 15:25:31", "high": 3775.000000000001, "low": 3775.000000000001, "close": 3775.000000000001, "open": 3775.000000000001}
{"instrument_id": "hc1805", "date_time": "20180412 18:32:33", "high": 3775.0, "low": 3775.0, "close": 3775.0, "open": 3775.0}
{"instrument_id": "hc1805", "date_time": "20180412 20:59:00", "high": 3784.0, "low": 3784.0, "close": 3784.0, "open": 3784.0}
{"instrument_id": "hc1805", "date_time": "20180412 21:00:00", "high": 3779.0, "low": 3771.0, "close": 3775.0, "open": 3778.0}
{"instrument_id": "hc1805", "date_time": "20180412 21:03:00", "high": 3780.0, "low": 3775.0, "close": 3776.0, "open": 3775.0}
{"instrument_id": "hc1805", "date_time": "20180412 21:06:01", "high": 3779.000000000001, "low": 3771.0, "close": 3771.0, "open": 3776.0}
{"instrument_id": "hc1805", "date_time": "20180412 21:09:00", "high": 3774.0, "low": 3764.0, "close": 3765.0, "open": 3773.0}
{"instrument_id": "hc1805", "date_time": "20180412 21:12:00", "high": 3765.0, "low": 3760.0, "close": 3763.0, "open": 3765.0}
{"instrument_id": "hc1805", "date_time": "20180412 21:15:00", "high": 3768.0, "low": 3762.0, "close": 3766.0, "open": 3763.0}
{"instrument_id": "hc1805", "date_time": "20180412 21:18:00", "high": 3769.000000000001, "low": 3765.0, "close": 3768.0, "open": 3766.0}
{"instrument_id": "hc1805", "date_time": "20180412 21:21:00", "high": 3769.0, "low": 3765.0, "close": 3765.0, "open": 3768.0}
{"instrument_id": "hc1805", "date_time": "20180412 21:24:00", "high": 3771.0, "low": 3765.0, "close": 3770.0, "open": 3765.0}
{"instrument_id": "hc1805", "date_time": "20180412 21:27:00", "high": 3772.000000000001, "low": 3769.0, "close": 3770.0, "open": 3770.0}
{"instrument_id": "hc1805", "date_time": "20180412 21:30:01", "high": 3769.0, "low": 3765.0, "close": 3769.0, "open": 3769.0}
{"instrument_id": "hc1805", "date_time": "20180412 21:33:00", "high": 3788.000000000001, "low": 3770.0, "close": 3787.0, "open": 3771.0}
{"instrument_id": "hc1805", "date_time": "20180412 21:36:00", "high": 3793.0, "low": 3781.0, "close": 3785.0, "open": 3787.0}
{"instrument_id": "hc1805", "date_time": "20180412 21:39:00", "high": 3785.0, "low": 3779.0, "close": 3781.0, "open": 3785.0}
{"instrument_id": "hc1805", "date_time": "20180412 21:42:00", "high": 3785.0, "low": 3780.0, "close": 3784.0, "open": 3781.0}
{"instrument_id": "hc1805", "date_time": "20180412 21:45:00", "high": 3785.000000000001, "low": 3781.0, "close": 3781.0, "open": 3784.0}
{"instrument_id": "hc1805", "date_time": "20180412 21:48:00", "high": 3789.000000000001, "low": 3781.0, "close": 3787.0, "open": 3781.0}
{"instrument_id": "hc1805", "date_time": "20180412 21:51:00", "high": 3787.0, "low": 3784.0, "close": 3785.000000000001, "open": 3787.0}
{"instrument_id": "hc1805", "date_time": "20180412 21:54:00", "high": 3786.0, "low": 3783.0, "close": 3785.0, "open": 3785.000000000001}
{"instrument_id": "hc1805", "date_time": "20180412 21:57:00", "high": 3785.0, "low": 3781.0, "close": 3781.000000000001, "open": 3785.0}
{"instrument_id": "hc1805", "date_time": "20180412 22:00:00", "high": 3784.000000000001, "low": 3780.0, "close": 3783.000000000001, "open": 3781.000000000001}
{"instrument_id": "hc1805", "date_time": "20180412 22:03:01", "high": 3784.000000000001, "low": 3782.0, "close": 3782.0, "open": 3783.000000000001}
{"instrument_id": "hc1805", "date_time": "20180412 22:06:01", "high": 3785.0, "low": 3781.0, "close": 3785.0, "open": 3782.0}
{"instrument_id": "hc1805", "date_time": "20180412 22:09:01", "high": 3786.000000000001, "low": 3784.0, "close": 3784.000000000001, "open": 3785.0}
{"instrument_id": "hc1805", "date_time": "20180412 22:12:00", "high": 3786.000000000001, "low": 3783.0, "close": 3784.000000000001, "open": 3784.000000000001}
{"instrument_id": "hc1805", "date_time": "20180412 22:15:01", "high": 3785.0, "low": 3784.0, "close": 3785.0, "open": 3785.0}
{"instrument_id": "hc1805", "date_time": "20180412 22:18:01", "high": 3785.0, "low": 3781.0, "close": 3781.0, "open": 3785.0}
{"instrument_id": "hc1805", "date_time": "20180412 22:21:00", "high": 3791.0, "low": 3781.0, "close": 3791.0, "open": 3781.0}
{"instrument_id": "hc1805", "date_time": "20180412 22:24:00", "high": 3791.0, "low": 3785.0, "close": 3786.0, "open": 3791.0}
{"instrument_id": "hc1805", "date_time": "20180412 22:27:02", "high": 3791.000000000001, "low": 3786.0, "close": 3789.0, "open": 3786.0}
{"instrument_id": "hc1805", "date_time": "20180412 22:30:00", "high": 3791.000000000001, "low": 3786.0, "close": 3788.0, "open": 3789.0}
{"instrument_id": "hc1805", "date_time": "20180412 22:33:00", "high": 3790.0, "low": 3787.0, "close": 3787.0, "open": 3788.0}
{"instrument_id": "hc1805", "date_time": "20180412 22:36:00", "high": 3788.0, "low": 3784.0, "close": 3787.0, "open": 3787.0}
{"instrument_id": "hc1805", "date_time": "20180412 22:39:01", "high": 3787.0, "low": 3782.0, "close": 3783.0, "open": 3787.0}
{"instrument_id": "hc1805", "date_time": "20180412 22:42:01", "high": 3788.0, "low": 3783.0, "close": 3787.0, "open": 3783.0}
{"instrument_id": "hc1805", "date_time": "20180412 22:45:00", "high": 3787.000000000001, "low": 3785.0, "close": 3786.0, "open": 3787.0}
{"instrument_id": "hc1805", "date_time": "20180412 22:48:05", "high": 3788.0, "low": 3785.0, "close": 3787.000000000001, "open": 3786.0}
{"instrument_id": "hc1805", "date_time": "20180412 22:51:00", "high": 3796.0, "low": 3786.0, "close": 3795.0, "open": 3787.000000000001}
{"instrument_id": "hc1805", "date_time": "20180412 22:54:00", "high": 3806.0, "low": 3791.0, "close": 3804.000000000001, "open": 3795.0}
{"instrument_id": "hc1805", "date_time": "20180412 22:57:00", "high": 3817.0, "low": 3798.0, "close": 3801.0, "open": 3803.0}
{"instrument_id": "hc1805", "date_time": "20180412 23:00:00", "high": 3801.0, "low": 3801.0, "close": 3801.0, "open": 3801.0}
{"instrument_id": "hc1805", "date_time": "20180412 22:21:00", "high": 3791.0, "low": 3781.0, "close": 3791.0, "open": 3781.0}
{"instrument_id": "hc1805", "date_time": "20180412 22:24:00", "high": 3791.0, "low": 3785.0, "close": 3786.0, "open": 3791.0}
{"instrument_id": "hc1805", "date_time": "20180412 22:27:02", "high": 3791.000000000001, "low": 3786.0, "close": 3789.0, "open": 3786.0}
{"instrument_id": "hc1805", "date_time": "20180412 22:30:00", "high": 3791.000000000001, "low": 3786.0, "close": 3788.0, "open": 3789.0}
{"instrument_id": "hc1805", "date_time": "20180412 22:33:00", "high": 3790.0, "low": 3787.0, "close": 3787.0, "open": 3788.0}
{"instrument_id": "hc1805", "date_time": "20180412 22:36:00", "high": 3788.0, "low": 3784.0, "close": 3787.0, "open": 3787.0}
{"instrument_id": "hc1805", "date_time": "20180412 22:39:01", "high": 3787.0, "low": 3782.0, "close": 3783.0, "open": 3787.0}
{"instrument_id": "hc1805", "date_time": "20180412 22:42:01", "high": 3788.0, "low": 3783.0, "close": 3787.0, "open": 3783.0}
{"instrument_id": "hc1805", "date_time": "20180412 22:45:00", "high": 3787.000000000001, "low": 3785.0, "close": 3786.0, "open": 3787.0}
{"instrument_id": "hc1805", "date_time": "20180412 22:48:05", "high": 3788.0, "low": 3785.0, "close": 3787.000000000001, "open": 3786.0}
{"instrument_id": "hc1805", "date_time": "20180412 22:51:00", "high": 3796.0, "low": 3786.0, "close": 3795.0, "open": 3787.000000000001}
{"instrument_id": "hc1805", "date_time": "20180412 22:54:00", "high": 3806.0, "low": 3791.0, "close": 3804.000000000001, "open": 3795.0}
{"instrument_id": "hc1805", "date_time": "20180412 22:57:00", "high": 3817.0, "low": 3798.0, "close": 3801.0, "open": 3803.0}
{"instrument_id": "hc1805", "date_time": "20180412 23:00:00", "high": 3801.0, "low": 3801.0, "close": 3801.0, "open": 3801.0}
{"instrument_id": "hc1805", "date_time": "20180412 09:00:00", "high": 3799.0, "low": 3791.0, "close": 3791.0, "open": 3799.0}
{"instrument_id": "hc1805", "date_time": "20180412 09:03:00", "high": 3793.0, "low": 3784.0, "close": 3790.0, "open": 3791.0}
{"instrument_id": "hc1805",