{"instrument_id": "hc1810", "date_time": "20180329 15:00:00", "high": 3402.0, "low": 3402.0, "close": 3402.0, "open": 3402.0}
{"instrument_id": "hc1810", "date_time": "20180330 18:11:40", "high": 3402.0, "low": 3402.0, "close": 3402.0, "open": 3402.0}
{"instrument_id": "hc1810", "date_time": "20180330 18:36:46", "high": 3402.0, "low": 3402.0, "close": 3402.0, "open": 3402.0}
{"instrument_id": "hc1810", "date_time": "20180330 19:43:19", "high": 3402.0, "low": 3402.0, "close": 3402.0, "open": 3402.0}
{"instrument_id": "hc1810", "date_time": "20180330 20:59:00", "high": 3408.0, "low": 3408.0, "close": 3408.0, "open": 3408.0}
{"instrument_id": "hc1810", "date_time": "20180330 20:59:00", "high": 3408.0, "low": 3408.0, "close": 3408.0, "open": 3408.0}
{"instrument_id": "hc1810", "date_time": "20180330 21:00:00", "high": 3422.0, "low": 3401.0, "close": 3413.0, "open": 3408.0}
{"instrument_id": "hc1810", "date_time": "20180330 21:30:00", "high": 3416.0, "low": 3405.0, "close": 3405.0, "open": 3412.0}
{"instrument_id": "hc1810", "date_time": "20180330 22:00:00", "high": 3408.0, "low": 3396.0, "close": 3403.0, "open": 3405.0}
{"instrument_id": "hc1810", "date_time": "20180330 22:30:00", "high": 3415.0000000000005, "low": 3398.0, "close": 3413.0, "open": 3403.0}
{"instrument_id": "hc1810", "date_time": "20180330 09:15:10", "high": 3400.0000000000005, "low": 3393.0, "close": 3395.0, "open": 3398.0}
{"instrument_id": "hc1810", "date_time": "20180330 09:30:00", "high": 3402.0000000000005, "low": 3388.0, "close": 3396.0, "open": 3393.0}
{"instrument_id": "hc1810", "date_time": "20180330 10:00:01", "high": 3403.0, "low": 3390.0, "close": 3401.0, "open": 3396.0}
{"instrument_id": "hc1810", "date_time": "20180330 10:30:00", "high": 3408.0, "low": 3394.0, "close": 3405.0, "open": 3401.0000000000005}
{"instrument_id": "hc1810", "date_time": "20180330 11:00:00", "high": 3435.0000000000005, "low": 3400.0, "close": 3434.0, "open": 3405.0}
{"instrument_id": "hc1810", "date_time": "20180330 11:30:00", "high": 3434.0, "low": 3434.0, "close": 3434.0, "open": 3434.0}
{"instrument_id": "hc1810", "date_time": "20180330 13:30:00", "high": 3498.0, "low": 3436.0, "close": 3484.0, "open": 3436.0}
{"instrument_id": "hc1810", "date_time": "20180330 14:00:00", "high": 3487.0, "low": 3473.0, "close": 3483.0, "open": 3483.0}
{"instrument_id": "hc1810", "date_time": "20180330 14:30:00", "high": 3513.0, "low": 3482.0, "close": 3512.0, "open": 3483.0}
