{"instrument_id": "hc1810", "date_time": "20180508 21:52:30", "high": 3749.0, "low": 3743.0, "close": 3745.0, "open": 3746.0}
{"instrument_id": "hc1810", "date_time": "20180508 22:00:00", "high": 3752.000000000001, "low": 3733.000000000001, "close": 3742.0, "open": 3745.0}
{"instrument_id": "hc1810", "date_time": "20180508 23:00:00", "high": 3741.0, "low": 3741.0, "close": 3741.0, "open": 3741.0}
{"instrument_id": "hc1810", "date_time": "20180508 21:52:30", "high": 3749.0, "low": 3741.0, "close": 3746.0, "open": 3746.0}
{"instrument_id": "hc1810", "date_time": "20180508 22:00:00", "high": 3752.000000000001, "low": 3733.000000000001, "close": 3742.0, "open": 3745.0}
{"instrument_id": "hc1810", "date_time": "20180508 23:00:00", "high": 3741.0, "low": 3741.0, "close": 3741.0, "open": 3741.0}
{"instrument_id": "hc1810", "date_time": "20180508 09:00:00", "high": 3755.0, "low": 3726.0, "close": 3747.0, "open": 3740.0}
{"instrument_id": "hc1810", "date_time": "20180508 10:00:00", "high": 3764.0, "low": 3744.0, "close": 3747.0, "open": 3747.0}
{"instrument_id": "hc1810", "date_time": "20180508 11:00:00", "high": 3759.0, "low": 3742.0, "close": 3752.0, "open": 3747.0}
{"instrument_id": "hc1810", "date_time": "20180508 13:30:00", "high": 3754.0, "low": 3742.0, "close": 3748.0, "open": 3753.0}
{"instrument_id": "hc1810", "date_time": "20180508 14:00:00", "high": 3750.000000000001, "low": 3731.0, "close": 3734.0, "open": 3747.0}
