{"instrument_id": "hc1805", "date_time": "20180403 15:00:00", "high": 3698.0, "low": 3698.0, "close": 3698.0, "open": 3698.0}
{"instrument_id": "hc1805", "date_time": "20180404 18:29:58", "high": 3698.0, "low": 3698.0, "close": 3698.0, "open": 3698.0}
{"instrument_id": "hc1805", "date_time": "20180404 20:59:00", "high": 3705.0, "low": 3705.0, "close": 3705.0, "open": 3705.0}
{"instrument_id": "hc1805", "date_time": "20180404 21:00:00", "high": 3723.0, "low": 3689.0, "close": 3695.0, "open": 3705.0}
{"instrument_id": "hc1805", "date_time": "20180404 22:00:00", "high": 3710.0, "low": 3691.0, "close": 3702.0, "open": 3695.0}
{"instrument_id": "hc1805", "date_time": "20180404 23:00:00", "high": 3702.0, "low": 3702.0, "close": 3702.0, "open": 3702.0}
{"instrument_id": "hc1805", "date_time": "20180404 21:00:00", "high": 3723.0, "low": 3689.0, "close": 3695.0, "open": 3705.0}
{"instrument_id": "hc1805", "date_time": "20180404 22:00:00", "high": 3710.0, "low": 3691.0, "close": 3696.0, "open": 3695.0}
{"instrument_id": "hc1805", "date_time": "20180404 23:00:00", "high": 3702.0, "low": 3702.0, "close": 3702.0, "open": 3702.0}
{"instrument_id": "hc1805", "date_time": "20180404 22:00:00", "high": 3710.0, "low": 3691.0, "close": 3702.0, "open": 3695.0}
{"instrument_id": "hc1805", "date_time": "20180404 23:00:00", "high": 3702.0, "low": 3702.0, "close": 3702.0, "open": 3702.0}
{"instrument_id": "hc1805", "date_time": "20180404 09:00:00", "high": 3725.000000000001, "low": 3692.0, "close": 3711.0, "open": 3702.0}
{"instrument_id": "hc1805", "date_time": "20180404 10:00:00", "high": 3740.000000000001, "low": 3707.0, "close": 3737.0, "open": 3711.0}
{"instrument_id": "hc1805", "date_time": "20180404 11:00:00", "high": 3743.000000000001, "low": 3729.0, "close": 3737.0, "open": 3737.0}
{"instrument_id": "hc1805", "date_time": "20180404 13:30:00", "high": 3737.0, "low": 3707.0, "close": 3707.0, "open": 3737.0}
{"instrument_id": "hc1805", "date_time": "20180404 14:00:00", "high": 3717.0, "low": 3692.0, "close": 3713.0, "open": 3709.000000000001}
