{"instrument_id": "hc1805", "date_time": "20180329 15:18:28", "high": 3631.0, "low": 3631.0, "close": 3631.0, "open": 3631.0}
{"instrument_id": "hc1805", "date_time": "20180330 18:11:40", "high": 3631.0, "low": 3631.0, "close": 3631.0, "open": 3631.0}
{"instrument_id": "hc1805", "date_time": "20180330 18:36:46", "high": 3631.0, "low": 3631.0, "close": 3631.0, "open": 3631.0}
{"instrument_id": "hc1805", "date_time": "20180330 19:43:19", "high": 3631.0, "low": 3631.0, "close": 3631.0, "open": 3631.0}
{"instrument_id": "hc1805", "date_time": "20180330 20:59:00", "high": 3633.0, "low": 3633.0, "close": 3633.0, "open": 3633.0}
{"instrument_id": "hc1805", "date_time": "20180330 20:59:00", "high": 3633.0, "low": 3633.0, "close": 3633.0, "open": 3633.0}
{"instrument_id": "hc1805", "date_time": "20180330 21:00:00", "high": 3644.0, "low": 3626.0, "close": 3640.0, "open": 3635.0}
{"instrument_id": "hc1805", "date_time": "20180330 21:00:00", "high": 3644.0, "low": 3626.0, "close": 3640.0, "open": 3635.0}
{"instrument_id": "hc1805", "date_time": "20180330 21:05:00", "high": 3642.0, "low": 3632.0, "close": 3637.0, "open": 3641.0}
{"instrument_id": "hc1805", "date_time": "20180330 21:05:00", "high": 3642.0, "low": 3632.0, "close": 3637.0, "open": 3641.0}
{"instrument_id": "hc1805", "date_time": "20180330 21:10:00", "high": 3656.0, "low": 3633.0, "close": 3653.0, "open": 3637.0}
{"instrument_id": "hc1805", "date_time": "20180330 21:15:00", "high": 3658.0, "low": 3651.0, "close": 3653.0, "open": 3654.0000000000005}
{"instrument_id": "hc1805", "date_time": "20180330 21:20:00", "high": 3654.0, "low": 3645.0000000000005, "close": 3648.0, "open": 3653.0}
{"instrument_id": "hc1805", "date_time": "20180330 21:25:00", "high": 3652.0000000000005, "low": 3645.0, "close": 3648.0, "open": 3651.0}
{"instrument_id": "hc1805", "date_time": "20180330 21:30:00", "high": 3651.0000000000005, "low": 3645.0, "close": 3646.0, "open": 3648.0}
{"instrument_id": "hc1805", "date_time": "20180330 21:35:00", "high": 3649.0, "low": 3642.0, "close": 3642.0, "open": 3646.0}
{"instrument_id": "hc1805", "date_time": "20180330 21:40:00", "high": 3648.0000000000005, "low": 3642.0, "close": 3645.0000000000005, "open": 3642.0}
{"instrument_id": "hc1805", "date_time": "20180330 21:45:00", "high": 3648.0000000000005, "low": 3644.0, "close": 3646.0, "open": 3645.0000000000005}
{"instrument_id": "hc1805", "date_time": "20180330 21:50:00", "high": 3647.0, "low": 3642.0, "close": 3645.0, "open": 3646.0}
{"instrument_id": "hc1805", "date_time": "20180330 21:55:00", "high": 3645.0, "low": 3639.0, "close": 3641.0, "open": 3645.0}
{"instrument_id": "hc1805", "date_time": "20180330 22:00:00", "high": 3641.0, "low": 3633.0, "close": 3637.0, "open": 3641.0}
{"instrument_id": "hc1805", "date_time": "20180330 22:05:00", "high": 3641.0, "low": 3637.0, "close": 3639.0000000000005, "open": 3637.0}
{"instrument_id": "hc1805", "date_time": "20180330 22:10:00", "high": 3641.0, "low": 3636.0, "close": 3640.0, "open": 3640.0}
{"instrument_id": "hc1805", "date_time": "20180330 22:15:00", "high": 3641.0, "low": 3637.0, "close": 3637.0, "open": 3640.0}
{"instrument_id": "hc1805", "date_time": "20180330 22:20:01", "high": 3643.0, "low": 3637.0, "close": 3640.0, "open": 3637.0}
{"instrument_id": "hc1805", "date_time": "20180330 22:25:00", "high": 3643.0, "low": 3639.0, "close": 3642.0, "open": 3640.0}
{"instrument_id": "hc1805", "date_time": "20180330 22:30:00", "high": 3642.0, "low": 3633.0, "close": 3634.0, "open": 3642.0}
{"instrument_id": "hc1805", "date_time": "20180330 22:35:00", "high": 3638.0, "low": 3631.0, "close": 3637.0, "open": 3634.0}
{"instrument_id": "hc1805", "date_time": "20180330 22:40:00", "high": 3640.0, "low": 3635.0, "close": 3636.0, "open": 3637.0}
{"instrument_id": "hc1805", "date_time": "20180330 22:45:00", "high": 3645.0000000000005, "low": 3635.0, "close": 3642.0, "open": 3636.0}
{"instrument_id": "hc1805", "date_time": "20180330 22:50:00", "high": 3649.0, "low": 3640.0, "close": 3648.0, "open": 3642.0}
{"instrument_id": "hc1805", "date_time": "20180330 22:55:00", "high": 3650.0, "low": 3644.0, "close": 3648.0, "open": 3648.0}
{"instrument_id": "hc1805", "date_time": "20180330 09:15:11", "high": 3631.0, "low": 3623.0, "close": 3626.0, "open": 3628.0}
{"instrument_id": "hc1805", "date_time": "20180330 09:20:00", "high": 3628.0, "low": 3621.0, "close": 3625.0, "open": 3626.0}
{"instrument_id": "hc1805", "date_time": "20180330 09:25:00", "high": 3625.0, "low": 3620.0, "close": 3622.0, "open": 3624.0}
{"instrument_id": "hc1805", "date_time": "20180330 09:30:00", "high": 3628.0, "low": 3620.0, "close": 3626.0, "open": 3622.0}
{"instrument_id": "hc1805", "date_time": "20180330 09:35:00", "high": 3629.0, "low": 3613.0, "close": 3614.0, "open": 3626.0}
{"instrument_id": "hc1805", "date_time": "20180330 09:40:00", "high": 3620.0000000000005, "low": 3612.0, "close": 3620.0000000000005, "open": 3614.0}
{"instrument_id": "hc1805", "date_time": "20180330 09:45:00", "high": 3620.0000000000005, "low": 3614.0, "close": 3615.0, "open": 3620.0000000000005}
{"instrument_id": "hc1805", "date_time": "20180330 09:50:00", "high": 3621.0, "low": 3614.0, "close": 3617.0000000000005, "open": 3616.0}
{"instrument_id": "hc1805", "date_time": "20180330 09:55:00", "high": 3624.0000000000005, "low": 3617.0, "close": 3620.0000000000005, "open": 3618.0}
{"instrument_id": "hc1805", "date_time": "20180330 10:00:00", "high": 3620.0000000000005, "low": 3612.0, "close": 3615.0, "open": 3620.0000000000005}
{"instrument_id": "hc1805", "date_time": "20180330 10:05:00", "high": 3621.0, "low": 3613.0, "close": 3615.0, "open": 3615.0}
{"instrument_id": "hc1805", "date_time": "20180330 10:10:00", "high": 3623.0, "low": 3614.0, "close": 3620.0, "open": 3615.0}
{"instrument_id": "hc1805", "date_time": "20180330 10:15:00", "high": 3620.0, "low": 3620.0, "close": 3620.0, "open": 3620.0}
{"instrument_id": "hc1805", "date_time": "20180330 10:30:00", "high": 3626.0000000000005, "low": 3616.0, "close": 3618.0, "open": 3618.0}
{"instrument_id": "hc1805", "date_time": "20180330 10:35:00", "high": 3621.0, "low": 3613.0, "close": 3620.0, "open": 3618.0}
{"instrument_id": "hc1805", "date_time": "20180330 10:40:00", "high": 3622.0000000000005, "low": 3620.0, "close": 3620.0, "open": 3620.0}
{"instrument_id": "hc1805", "date_time": "20180330 10:45:00", "high": 3624.0, "low": 3617.0, "close": 3624.0, "open": 3621.0}
{"instrument_id": "hc1805", "date_time": "20180330 10:50:00", "high": 3631.0, "low": 3623.0, "close": 3628.0000000000005, "open": 3623.0}
{"instrument_id": "hc1805", "date_time": "20180330 10:55:00", "high": 3633.0, "low": 3624.0, "close": 3630.0, "open": 3628.0000000000005}
{"instrument_id": "hc1805", "date_time": "20180330 11:00:00", "high": 3641.0, "low": 3628.0, "close": 3632.0, "open": 3630.0}
{"instrument_id": "hc1805", "date_time": "20180330 11:05:00", "high": 3635.0, "low": 3625.0, "close": 3629.0, "open": 3632.0}
{"instrument_id": "hc1805", "date_time": "20180330 11:10:00", "high": 3634.0, "low": 3627.0, "close": 3632.0, "open": 3629.0}
{"instrument_id": "hc1805", "date_time": "20180330 11:15:00", "high": 3639.0000000000005, "low": 3630.0, "close": 3637.0, "open": 3632.0}
{"instrument_id": "hc1805", "date_time": "20180330 11:20:00", "high": 3645.0000000000005, "low": 3635.0, "close": 3636.0, "open": 3637.0}
{"instrument_id": "hc1805", "date_time": "20180330 11:25:00", "high": 3649.0, "low": 3634.0, "close": 3645.0000000000005, "open": 3636.0}
{"instrument_id": "hc1805", "date_time": "20180330 11:30:00", "high": 3644.0, "low": 3644.0, "close": 3644.0, "open": 3644.0}
{"instrument_id": "hc1805", "date_time": "20180330 13:30:00", "high": 3679.000000000001, "low": 3651.0, "close": 3674.0000000000005, "open": 3651.0}
{"instrument_id": "hc1805", "date_time": "20180330 13:35:00", "high": 3677.0, "low": 3663.0, "close": 3677.0, "open": 3674.0000000000005}
{"instrument_id": "hc1805", "date_time": "20180330 13:40:00", "high": 3679.000000000001,