{"instrument_id": "hc1805", "date_time": "20180413 15:18:10", "high": 3840.000000000001, "low": 3840.000000000001, "close": 3840.000000000001, "open": 3840.000000000001}
{"instrument_id": "hc1805", "date_time": "20180416 18:33:13", "high": 3840.0, "low": 3840.0, "close": 3840.0, "open": 3840.0}
{"instrument_id": "hc1805", "date_time": "20180416 20:59:00", "high": 3853.0, "low": 3839.0000000000005, "close": 3842.0, "open": 3840.0}
{"instrument_id": "hc1805", "date_time": "20180416 21:01:00", "high": 3850.0, "low": 3836.0, "close": 3837.0, "open": 3841.0}
{"instrument_id": "hc1805", "date_time": "20180416 21:14:00", "high": 3843.0, "low": 3834.000000000001, "close": 3840.0, "open": 3837.0}
{"instrument_id": "hc1805", "date_time": "20180416 21:27:00", "high": 3840.0, "low": 3833.0, "close": 3838.0, "open": 3840.0}
{"instrument_id": "hc1805", "date_time": "20180416 21:40:00", "high": 3840.0, "low": 3832.000000000001, "close": 3835.0, "open": 3838.0}
{"instrument_id": "hc1805", "date_time": "20180416 21:53:00", "high": 3840.0, "low": 3833.0, "close": 3839.0, "open": 3835.0}
{"instrument_id": "hc1805", "date_time": "20180416 22:06:00", "high": 3843.0, "low": 3836.0, "close": 3842.0, "open": 3839.0}
{"instrument_id": "hc1805", "date_time": "20180416 22:19:02", "high": 3842.0, "low": 3832.000000000001, "close": 3838.0, "open": 3842.0}
{"instrument_id": "hc1805", "date_time": "20180416 22:32:00", "high": 3838.0, "low": 3832.000000000001, "close": 3837.0, "open": 3838.0}
{"instrument_id": "hc1805", "date_time": "20180416 22:45:02", "high": 3838.000000000001, "low": 3832.000000000001, "close": 3833.0, "open": 3837.0}
