{"instrument_id": "hc1805", "date_time": "20180409 15:18:25", "high": 3782.0, "low": 3782.0, "close": 3782.0, "open": 3782.0}
{"instrument_id": "hc1805", "date_time": "20180410 18:32:37", "high": 3782.0, "low": 3782.0, "close": 3782.0, "open": 3782.0}
{"instrument_id": "hc1805", "date_time": "20180410 20:59:00", "high": 3780.0, "low": 3780.0, "close": 3780.0, "open": 3780.0}
{"instrument_id": "hc1805", "date_time": "20180410 21:00:00", "high": 3790.0, "low": 3766.0, "close": 3766.0, "open": 3790.0}
{"instrument_id": "hc1805", "date_time": "20180410 21:05:00", "high": 3767.0, "low": 3762.0, "close": 3762.000000000001, "open": 3766.0}
{"instrument_id": "hc1805", "date_time": "20180410 21:10:00", "high": 3771.000000000001, "low": 3758.0, "close": 3768.0, "open": 3763.000000000001}
{"instrument_id": "hc1805", "date_time": "20180410 21:15:00", "high": 3771.000000000001, "low": 3765.0, "close": 3768.0, "open": 3768.0}
{"instrument_id": "hc1805", "date_time": "20180410 21:20:00", "high": 3775.0, "low": 3766.0, "close": 3768.0, "open": 3769.0}
{"instrument_id": "hc1805", "date_time": "20180410 21:25:00", "high": 3771.0, "low": 3760.0, "close": 3762.000000000001, "open": 3768.0}
{"instrument_id": "hc1805", "date_time": "20180410 21:30:00", "high": 3763.0, "low": 3759.0, "close": 3761.0, "open": 3762.000000000001}
{"instrument_id": "hc1805", "date_time": "20180410 21:35:00", "high": 3768.0, "low": 3761.0, "close": 3765.0, "open": 3762.0}
{"instrument_id": "hc1805", "date_time": "20180410 21:40:00", "high": 3769.0, "low": 3765.0, "close": 3767.0, "open": 3765.0}
{"instrument_id": "hc1805", "date_time": "20180410 21:45:00", "high": 3768.0, "low": 3764.0, "close": 3766.0, "open": 3767.0}
{"instrument_id": "hc1805", "date_time": "20180410 21:50:01", "high": 3770.000000000001, "low": 3763.0, "close": 3769.0, "open": 3766.0}
{"instrument_id": "hc1805", "date_time": "20180410 21:55:00", "high": 3771.000000000001, "low": 3766.0, "close": 3767.0, "open": 3769.0}
{"instrument_id": "hc1805", "date_time": "20180410 22:00:00", "high": 3771.0, "low": 3766.0, "close": 3770.0, "open": 3767.0}
{"instrument_id": "hc1805", "date_time": "20180410 22:05:01", "high": 3772.0, "low": 3766.0, "close": 3770.0, "open": 3770.0}
{"instrument_id": "hc1805", "date_time": "20180410 22:10:00", "high": 3772.0, "low": 3769.0, "close": 3770.0, "open": 3770.0}
{"instrument_id": "hc1805", "date_time": "20180410 22:15:00", "high": 3771.000000000001, "low": 3765.0, "close": 3765.0, "open": 3770.0}
{"instrument_id": "hc1805", "date_time": "20180410 22:20:00", "high": 3769.0, "low": 3765.0, "close": 3769.0, "open": 3765.0}
{"instrument_id": "hc1805", "date_time": "20180410 22:25:00", "high": 3775.0, "low": 3767.0, "close": 3771.0, "open": 3769.0}
{"instrument_id": "hc1805", "date_time": "20180410 22:30:00", "high": 3774.0, "low": 3771.0, "close": 3772.000000000001, "open": 3772.0}
{"instrument_id": "hc1805", "date_time": "20180410 22:35:00", "high": 3779.0, "low": 3772.0, "close": 3775.000000000001, "open": 3772.000000000001}
{"instrument_id": "hc1805", "date_time": "20180410 22:40:00", "high": 3778.000000000001, "low": 3774.0, "close": 3776.0, "open": 3775.000000000001}
{"instrument_id": "hc1805", "date_time": "20180410 22:45:00", "high": 3783.0, "low": 3776.0, "close": 3783.0, "open": 3776.0}
{"instrument_id": "hc1805", "date_time": "20180410 22:50:00", "high": 3787.0, "low": 3778.0, "close": 3784.0, "open": 3783.0}
{"instrument_id": "hc1805", "date_time": "20180410 22:55:00", "high": 3787.0, "low": 3782.0, "close": 3785.0, "open": 3782.0}
{"instrument_id": "hc1805", "date_time": "20180410 23:00:00", "high": 3787.0, "low": 3787.0, "close": 3787.0, "open": 3787.0}
{"instrument_id": "hc1805", "date_time": "20180410 21:00:00", "high": 3790.0, "low": 3766.0, "close": 3766.0, "open": 3790.0}
{"instrument_id": "hc1805", "date_time": "20180410 21:05:00", "high": 3767.0, "low": 3762.0, "close": 3762.000000000001, "open": 3766.0}
{"instrument_id": "hc1805", "date_time": "20180410 21:10:00", "high": 3771.000000000001, "low": 3758.0, "close": 3768.0, "open": 3763.000000000001}
{"instrument_id": "hc1805", "date_time": "20180410 21:15:00", "high": 3771.000000000001, "low": 3765.0, "close": 3768.0, "open": 3768.0}
{"instrument_id": "hc1805", "date_time": "20180410 22:05:01", "high": 3772.0, "low": 3766.0, "close": 3770.0, "open": 3770.0}
{"instrument_id": "hc1805", "date_time": "20180410 22:10:00", "high": 3772.0, "low": 3769.0, "close": 3770.0, "open": 3770.0}
{"instrument_id": "hc1805", "date_time": "20180410 22:15:00", "high": 3771.000000000001, "low": 3765.0, "close": 3765.0, "open": 3770.0}
{"instrument_id": "hc1805", "date_time": "20180410 22:20:00", "high": 3769.0, "low": 3765.0, "close": 3769.0, "open": 3765.0}
{"instrument_id": "hc1805", "date_time": "20180410 22:25:00", "high": 3775.0, "low": 3767.0, "close": 3771.0, "open": 3769.0}
{"instrument_id": "hc1805", "date_time": "20180410 22:30:00", "high": 3774.0, "low": 3771.0, "close": 3772.000000000001, "open": 3772.0}
{"instrument_id": "hc1805", "date_time": "20180410 22:35:00", "high": 3779.0, "low": 3772.0, "close": 3775.000000000001, "open": 3772.000000000001}
{"instrument_id": "hc1805", "date_time": "20180410 22:40:00", "high": 3778.000000000001, "low": 3774.0, "close": 3776.0, "open": 3775.000000000001}
{"instrument_id": "hc1805", "date_time": "20180410 22:45:00", "high": 3783.0, "low": 3776.0, "close": 3783.0, "open": 3776.0}
{"instrument_id": "hc1805", "date_time": "20180410 22:50:00", "high": 3787.0, "low": 3778.0, "close": 3784.0, "open": 3783.0}
{"instrument_id": "hc1805", "date_time": "20180410 22:55:00", "high": 3787.0, "low": 3782.0, "close": 3785.0, "open": 3782.0}
{"instrument_id": "hc1805", "date_time": "20180410 23:00:00", "high": 3787.0, "low": 3787.0, "close": 3787.0, "open": 3787.0}
{"instrument_id": "hc1805", "date_time": "20180410 09:00:00", "high": 3788.0, "low": 3771.0, "close": 3774.0, "open": 3787.0}
{"instrument_id": "hc1805", "date_time": "20180410 09:05:00", "high": 3792.000000000001, "low": 3774.0, "close": 3790.0, "open": 3776.0}
{"instrument_id": "hc1805", "date_time": "20180410 09:10:00", "high": 3794.0, "low": 3789.0, "close": 3789.000000000001, "open": 3791.0}
{"instrument_id": "hc1805", "date_time": "20180410 09:15:00", "high": 3792.0, "low": 3782.0, "close": 3786.0, "open": 3789.000000000001}
{"instrument_id": "hc1805", "date_time": "20180410 09:20:00", "high": 3787.0, "low": 3779.0, "close": 3780.0, "open": 3786.0}
{"instrument_id": "hc1805", "date_time": "20180410 09:25:00", "high": 3784.0, "low": 3779.0, "close": 3779.0, "open": 3780.0}
{"instrument_id": "hc1805", "date_time": "20180410 09:30:00", "high": 3784.0, "low": 3778.0, "close": 3784.0, "open": 3779.0}
{"instrument_id": "hc1805", "date_time": "20180410 09:35:01", "high": 3785.0, "low": 3777.0, "close": 3778.0, "open": 3784.0}
{"instrument_id": "hc1805", "date_time": "20180410 09:40:00", "high": 3780.0, "low": 3775.0, "close": 3778.0, "open": 3778.0}
{"instrument_id": "hc1805", "date_time": "20180410 09:45:00", "high": 3780.0, "low": 3770.0, "close": 3777.0, "open": 3778.0}
{"instrument_id": "hc1805", "date_time": "20180410 09:50:00", "high": 3779.000000000001, "low": 3769.0, "close": 3772.0, "open": 3776.0}
{"instrument_id": "hc1805", "date_time": "20180410 09:55:00", "high": 3778.0, "low": 3768.0, "close": 3773.0, "open": 3772.0}
{"instrument_id": "hc1805", "date_time": "20180410 10:00:00", "high": 3773.0, "low": 3762.0, "close": 3769.0, "open": 3773.0}
{"instrument_id": "hc1805", "date_time": "20180410 10:05:00", "high": 3772.0, "low": 3766.0, "close": 3768.0, "open": 3769.0}
{"instrument_id": "hc1805", "date_time": "20180410 10:10:00", "high": 3777.000000000001, "low": 3768.0, "close": 3772.0, "open": 3768.0}
{"instrument_id": "hc1805", "date_time": "20180410 10:15:00", "high": 3772.0, "low": 3772.0, "close": 3772.0, "open": 3772.0}
{"instrument_id": "hc1805", "date_time": "20180410 10:30:00", "high": 3772.0, "low": 3765.000000000001, "close": 3770.0,