{"instrument_id": "hc1805", "date_time": "20180409 15:00:00", "high": 3782.0, "low": 3782.0, "close": 3782.0, "open": 3782.0}
{"instrument_id": "hc1805", "date_time": "20180410 18:32:37", "high": 3782.0, "low": 3782.0, "close": 3782.0, "open": 3782.0}
{"instrument_id": "hc1805", "date_time": "20180410 20:59:00", "high": 3780.0, "low": 3780.0, "close": 3780.0, "open": 3780.0}
{"instrument_id": "hc1805", "date_time": "20180410 21:00:00", "high": 3790.0, "low": 3758.0, "close": 3762.000000000001, "open": 3790.0}
{"instrument_id": "hc1805", "date_time": "20180410 21:30:00", "high": 3771.000000000001, "low": 3759.0, "close": 3767.0, "open": 3762.000000000001}
{"instrument_id": "hc1805", "date_time": "20180410 22:00:00", "high": 3775.0, "low": 3765.0, "close": 3771.0, "open": 3767.0}
{"instrument_id": "hc1805", "date_time": "20180410 22:30:00", "high": 3787.0, "low": 3771.0, "close": 3785.0, "open": 3772.0}
{"instrument_id": "hc1805", "date_time": "20180410 23:00:00", "high": 3787.0, "low": 3787.0, "close": 3787.0, "open": 3787.0}
{"instrument_id": "hc1805", "date_time": "20180410 21:00:00", "high": 3790.0, "low": 3758.0, "close": 3768.0, "open": 3790.0}
{"instrument_id": "hc1805", "date_time": "20180410 22:00:00", "high": 3775.0, "low": 3765.0, "close": 3771.0, "open": 3767.0}
{"instrument_id": "hc1805", "date_time": "20180410 22:30:00", "high": 3787.0, "low": 3771.0, "close": 3785.0, "open": 3772.0}
{"instrument_id": "hc1805", "date_time": "20180410 23:00:00", "high": 3787.0, "low": 3787.0, "close": 3787.0, "open": 3787.0}
{"instrument_id": "hc1805", "date_time": "20180410 09:00:00", "high": 3794.0, "low": 3771.0, "close": 3779.0, "open": 3787.0}
{"instrument_id": "hc1805", "date_time": "20180410 09:30:00", "high": 3785.0, "low": 3768.0, "close": 3773.0, "open": 3779.0}
{"instrument_id": "hc1805", "date_time": "20180410 10:00:00", "high": 3777.000000000001, "low": 3762.0, "close": 3772.0, "open": 3773.0}
{"instrument_id": "hc1805", "date_time": "20180410 10:30:00", "high": 3786.0, "low": 3765.000000000001, "close": 3784.0, "open": 3772.0}
{"instrument_id": "hc1805", "date_time": "20180410 11:00:00", "high": 3790.0, "low": 3778.0, "close": 3785.000000000001, "open": 3784.0}
{"instrument_id": "hc1805", "date_time": "20180410 11:30:00", "high": 3785.000000000001, "low": 3785.000000000001, "close": 3785.000000000001, "open": 3785.000000000001}
{"instrument_id": "hc1805", "date_time": "20180410 13:30:00", "high": 3828.0, "low": 3783.0, "close": 3827.0, "open": 3789.0}
{"instrument_id": "hc1805", "date_time": "20180410 14:00:00", "high": 3828.0, "low": 3802.0, "close": 3812.0, "open": 3827.0}
{"instrument_id": "hc1805", "date_time": "20180410 14:30:00", "high": 3820.0, "low": 3808.0, "close": 3813.0, "open": 3812.0}
