{"instrument_id": "hc1810", "date_time": "20180413 15:00:00", "high": 3549.0, "low": 3549.0, "close": 3549.0, "open": 3549.0}
{"instrument_id": "hc1810", "date_time": "20180416 18:33:13", "high": 3549.0, "low": 3549.0, "close": 3549.0, "open": 3549.0}
{"instrument_id": "hc1810", "date_time": "20180416 20:59:00", "high": 3545.0, "low": 3545.0, "close": 3545.0, "open": 3545.0}
{"instrument_id": "hc1810", "date_time": "20180416 21:00:00", "high": 3562.0000000000005, "low": 3538.0, "close": 3544.0, "open": 3550.0}
{"instrument_id": "hc1810", "date_time": "20180416 21:30:00", "high": 3548.0, "low": 3539.0, "close": 3543.0, "open": 3544.0}
{"instrument_id": "hc1810", "date_time": "20180416 22:00:00", "high": 3554.0, "low": 3540.0000000000005, "close": 3544.0, "open": 3543.0}
{"instrument_id": "hc1810", "date_time": "20180416 22:30:00", "high": 3548.0000000000005, "low": 3529.0, "close": 3533.0, "open": 3544.0}
