{"instrument_id": "hc1810", "date_time": "20180404 15:00:00", "high": 3422.0, "low": 3422.0, "close": 3422.0, "open": 3422.0}
{"instrument_id": "hc1810", "date_time": "20180409 07:32:12", "high": 3422.0, "low": 3422.0, "close": 3422.0, "open": 3422.0}
{"instrument_id": "hc1810", "date_time": "20180409 08:59:00", "high": 3419.0, "low": 3419.0, "close": 3419.0, "open": 3419.0}
{"instrument_id": "hc1810", "date_time": "20180409 09:00:00", "high": 3459.0, "low": 3410.0, "close": 3446.0, "open": 3410.0}
{"instrument_id": "hc1810", "date_time": "20180409 09:30:00", "high": 3460.0, "low": 3432.0, "close": 3435.0, "open": 3445.0}
{"instrument_id": "hc1810", "date_time": "20180409 10:00:00", "high": 3436.0000000000005, "low": 3405.0, "close": 3406.0000000000005, "open": 3435.0}
{"instrument_id": "hc1810", "date_time": "20180409 10:30:00", "high": 3434.0000000000005, "low": 3402.0, "close": 3427.0, "open": 3405.0}
{"instrument_id": "hc1810", "date_time": "20180409 11:00:00", "high": 3446.0000000000005, "low": 3427.0, "close": 3446.0, "open": 3427.0}
{"instrument_id": "hc1810", "date_time": "20180409 11:30:00", "high": 3446.0, "low": 3446.0, "close": 3446.0, "open": 3446.0}
{"instrument_id": "hc1810", "date_time": "20180409 13:30:00", "high": 3491.0, "low": 3446.0, "close": 3480.0, "open": 3446.0}
{"instrument_id": "hc1810", "date_time": "20180409 14:00:00", "high": 3496.0000000000005, "low": 3480.0, "close": 3484.0, "open": 3480.0}
{"instrument_id": "hc1810", "date_time": "20180409 14:30:01", "high": 3521.0, "low": 3484.0, "close": 3517.0, "open": 3484.0}
