{"instrument_id": "hc1805", "date_time": "20180404 15:29:07", "high": 3713.0, "low": 3713.0, "close": 3713.0, "open": 3713.0}
{"instrument_id": "hc1805", "date_time": "20180409 07:32:12", "high": 3713.0, "low": 3713.0, "close": 3713.0, "open": 3713.0}
{"instrument_id": "hc1805", "date_time": "20180409 08:59:00", "high": 3769.0, "low": 3707.0, "close": 3729.0, "open": 3707.0}
{"instrument_id": "hc1805", "date_time": "20180409 09:11:00", "high": 3749.0, "low": 3723.0, "close": 3744.0, "open": 3729.0}
{"instrument_id": "hc1805", "date_time": "20180409 09:24:00", "high": 3757.0, "low": 3744.0, "close": 3755.0, "open": 3744.0}
{"instrument_id": "hc1805", "date_time": "20180409 09:37:01", "high": 3756.0, "low": 3734.0, "close": 3743.0, "open": 3755.0}
{"instrument_id": "hc1805", "date_time": "20180409 09:50:00", "high": 3745.0, "low": 3729.0, "close": 3732.0, "open": 3743.0}
{"instrument_id": "hc1805", "date_time": "20180409 10:03:00", "high": 3732.0, "low": 3713.0, "close": 3716.0, "open": 3732.0}
{"instrument_id": "hc1805", "date_time": "20180409 10:30:00", "high": 3728.000000000001, "low": 3712.0, "close": 3724.0, "open": 3716.0}
{"instrument_id": "hc1805", "date_time": "20180409 10:42:00", "high": 3738.0, "low": 3720.0, "close": 3734.000000000001, "open": 3724.0}
{"instrument_id": "hc1805", "date_time": "20180409 10:55:00", "high": 3745.0, "low": 3727.0, "close": 3736.0, "open": 3734.000000000001}
{"instrument_id": "hc1805", "date_time": "20180409 11:08:00", "high": 3743.000000000001, "low": 3736.0, "close": 3738.0, "open": 3736.0}
{"instrument_id": "hc1805", "date_time": "20180409 11:21:00", "high": 3747.0, "low": 3731.0, "close": 3746.0, "open": 3738.0}
{"instrument_id": "hc1805", "date_time": "20180409 13:30:00", "high": 3755.000000000001, "low": 3747.0, "close": 3750.0, "open": 3747.0}
{"instrument_id": "hc1805", "date_time": "20180409 13:31:00", "high": 3773.0, "low": 3750.0, "close": 3762.000000000001, "open": 3751.0}
{"instrument_id": "hc1805", "date_time": "20180409 13:44:00", "high": 3765.0, "low": 3755.0, "close": 3764.0, "open": 3762.000000000001}
{"instrument_id": "hc1805", "date_time": "20180409 13:57:00", "high": 3770.000000000001, "low": 3760.0, "close": 3765.0, "open": 3764.0}
{"instrument_id": "hc1805", "date_time": "20180409 14:10:00", "high": 3778.0, "low": 3764.0, "close": 3768.0, "open": 3765.0}
{"instrument_id": "hc1805", "date_time": "20180409 14:23:00", "high": 3775.0, "low": 3764.0, "close": 3772.0, "open": 3767.0}
{"instrument_id": "hc1805", "date_time": "20180409 14:36:00", "high": 3782.0, "low": 3770.0, "close": 3774.0, "open": 3772.0}
{"instrument_id": "hc1805", "date_time": "20180409 14:49:01", "high": 3785.0, "low": 3773.0, "close": 3782.0, "open": 3774.0}
