{"instrument_id": "hc1805", "date_time": "20180412 15:19:50", "high": 3801.0, "low": 3801.0, "close": 3801.0, "open": 3801.0}
{"instrument_id": "hc1805", "date_time": "20180413 18:32:12", "high": 3801.0, "low": 3801.0, "close": 3801.0, "open": 3801.0}
{"instrument_id": "hc1805", "date_time": "20180413 20:59:00", "high": 3806.0, "low": 3806.0, "close": 3806.0, "open": 3806.0}
{"instrument_id": "hc1805", "date_time": "20180413 21:00:00", "high": 3806.0, "low": 3785.0, "close": 3790.000000000001, "open": 3806.0}
{"instrument_id": "hc1805", "date_time": "20180413 21:10:00", "high": 3791.0, "low": 3782.0, "close": 3786.0, "open": 3790.000000000001}
{"instrument_id": "hc1805", "date_time": "20180413 21:20:00", "high": 3786.0, "low": 3775.0, "close": 3775.0, "open": 3786.0}
{"instrument_id": "hc1805", "date_time": "20180413 21:30:00", "high": 3783.0, "low": 3770.0, "close": 3778.0, "open": 3775.0}
{"instrument_id": "hc1805", "date_time": "20180413 21:40:00", "high": 3789.0, "low": 3776.000000000001, "close": 3784.0, "open": 3778.0}
{"instrument_id": "hc1805", "date_time": "20180413 21:50:00", "high": 3790.0, "low": 3784.0, "close": 3785.000000000001, "open": 3784.0}
{"instrument_id": "hc1805", "date_time": "20180413 22:00:00", "high": 3791.000000000001, "low": 3782.0, "close": 3791.0, "open": 3784.0}
{"instrument_id": "hc1805", "date_time": "20180413 22:10:00", "high": 3793.000000000001, "low": 3785.0, "close": 3791.0, "open": 3791.0}
{"instrument_id": "hc1805", "date_time": "20180413 22:20:01", "high": 3794.0, "low": 3788.0, "close": 3789.0, "open": 3792.0}
{"instrument_id": "hc1805", "date_time": "20180413 22:30:00", "high": 3790.0, "low": 3781.0, "close": 3783.0, "open": 3789.0}
{"instrument_id": "hc1805", "date_time": "20180413 22:40:00", "high": 3785.0, "low": 3776.0, "close": 3780.0, "open": 3783.0}
{"instrument_id": "hc1805", "date_time": "20180413 22:50:00", "high": 3784.000000000001, "low": 3777.000000000001, "close": 3784.0, "open": 3780.0}
{"instrument_id": "hc1805", "date_time": "20180413 23:00:00", "high": 3784.0, "low": 3784.0, "close": 3784.0, "open": 3784.0}
{"instrument_id": "hc1805", "date_time": "20180413 21:20:00", "high": 3786.0, "low": 3775.0, "close": 3775.0, "open": 3786.0}
{"instrument_id": "hc1805", "date_time": "20180413 21:30:00", "high": 3783.0, "low": 3770.0, "close": 3778.0, "open": 3775.0}
{"instrument_id": "hc1805", "date_time": "20180413 21:40:00", "high": 3789.0, "low": 3776.000000000001, "close": 3784.0, "open": 3778.0}
{"instrument_id": "hc1805", "date_time": "20180413 21:50:00", "high": 3790.0, "low": 3784.0, "close": 3785.000000000001, "open": 3784.0}
{"instrument_id": "hc1805", "date_time": "20180413 22:00:00", "high": 3791.000000000001, "low": 3782.0, "close": 3791.0, "open": 3784.0}
{"instrument_id": "hc1805", "date_time": "20180413 22:10:00", "high": 3793.000000000001, "low": 3785.0, "close": 3791.0, "open": 3791.0}
{"instrument_id": "hc1805", "date_time": "20180413 22:20:01", "high": 3794.0, "low": 3788.0, "close": 3789.0, "open": 3792.0}
{"instrument_id": "hc1805", "date_time": "20180413 22:30:00", "high": 3790.0, "low": 3781.0, "close": 3783.0, "open": 3789.0}
{"instrument_id": "hc1805", "date_time": "20180413 22:40:00", "high": 3785.0, "low": 3776.0, "close": 3781.0, "open": 3783.0}
{"instrument_id": "hc1805", "date_time": "20180413 22:50:00", "high": 3784.000000000001, "low": 3777.000000000001, "close": 3784.0, "open": 3780.0}
{"instrument_id": "hc1805", "date_time": "20180413 23:00:00", "high": 3784.0, "low": 3784.0, "close": 3784.0, "open": 3784.0}
{"instrument_id": "hc1805", "date_time": "20180413 09:00:00", "high": 3795.0, "low": 3778.0, "close": 3789.0, "open": 3784.0}
{"instrument_id": "hc1805", "date_time": "20180413 09:10:00", "high": 3799.0, "low": 3787.0, "close": 3798.0, "open": 3789.0}
{"instrument_id": "hc1805", "date_time": "20180413 09:20:00", "high": 3804.0, "low": 3795.0, "close": 3800.0, "open": 3798.0}
{"instrument_id": "hc1805", "date_time": "20180413 09:30:00", "high": 3813.000000000001, "low": 3800.0, "close": 3807.0, "open": 3800.0}
{"instrument_id": "hc1805", "date_time": "20180413 09:40:00", "high": 3810.0, "low": 3799.0, "close": 3800.0, "open": 3807.0}
{"instrument_id": "hc1805", "date_time": "20180413 09:50:02", "high": 3806.0, "low": 3799.0, "close": 3805.000000000001, "open": 3799.0}
{"instrument_id": "hc1805", "date_time": "20180413 10:00:00", "high": 3808.0, "low": 3802.0, "close": 3808.0, "open": 3805.000000000001}
{"instrument_id": "hc1805", "date_time": "20180413 10:10:00", "high": 3810.0, "low": 3805.0, "close": 3807.0, "open": 3808.0}
{"instrument_id": "hc1805", "date_time": "20180413 10:30:00", "high": 3810.0, "low": 3797.0, "close": 3803.0, "open": 3806.0}
{"instrument_id": "hc1805", "date_time": "20180413 10:40:00", "high": 3807.0, "low": 3801.0, "close": 3806.0, "open": 3803.0}
{"instrument_id": "hc1805", "date_time": "20180413 10:50:00", "high": 3808.0, "low": 3803.0, "close": 3806.0, "open": 3808.0}
{"instrument_id": "hc1805", "date_time": "20180413 11:00:00", "high": 3820.0, "low": 3806.0, "close": 3811.0, "open": 3806.0}
{"instrument_id": "hc1805", "date_time": "20180413 11:10:01", "high": 3820.0, "low": 3805.0, "close": 3816.0, "open": 3811.0}
{"instrument_id": "hc1805", "date_time": "20180413 11:20:00", "high": 3819.0, "low": 3813.0, "close": 3818.0, "open": 3818.0}
{"instrument_id": "hc1805", "date_time": "20180413 11:30:00", "high": 3818.0, "low": 3818.0, "close": 3818.0, "open": 3818.0}
{"instrument_id": "hc1805", "date_time": "20180413 13:30:00", "high": 3839.0, "low": 3818.0, "close": 3838.0, "open": 3818.0}
{"instrument_id": "hc1805", "date_time": "20180413 13:40:00", "high": 3842.0, "low": 3827.0, "close": 3833.0, "open": 3838.0}
{"instrument_id": "hc1805", "date_time": "20180413 13:50:00", "high": 3835.0, "low": 3827.0, "close": 3830.000000000001, "open": 3833.0}
{"instrument_id": "hc1805", "date_time": "20180413 14:00:01", "high": 3836.000000000001, "low": 3828.0, "close": 3831.0, "open": 3830.000000000001}
{"instrument_id": "hc1805", "date_time": "20180413 14:10:00", "high": 3837.0, "low": 3829.0, "close": 3836.0, "open": 3831.0}
{"instrument_id": "hc1805", "date_time": "20180413 14:20:00", "high": 3839.0, "low": 3831.0, "close": 3836.0, "open": 3836.0}
{"instrument_id": "hc1805", "date_time": "20180413 14:30:00", "high": 3838.0, "low": 3826.0, "close": 3826.000000000001, "open": 3836.0}
{"instrument_id": "hc1805", "date_time": "20180413 14:40:01", "high": 3840.0, "low": 3821.0, "close": 3835.0, "open": 3826.000000000001}
{"instrument_id": "hc1805", "date_time": "20180413 14:50:00", "high": 3840.000000000001, "low": 3831.0, "close": 3840.000000000001, "open": 3835.0}
{"instrument_id": "hc1805", "date_time": "20180413 15:00:00", "high": 3840.000000000001, "low": 3840.000000000001, "close": 3840.000000000001, "open": 3840.000000000001}
