{"instrument_id": "hc1805", "date_time": "20180402 15:00:00", "high": 3712.0, "low": 3712.0, "close": 3712.0, "open": 3712.0}
{"instrument_id": "hc1805", "date_time": "20180403 18:32:14", "high": 3712.0, "low": 3712.0, "close": 3712.0, "open": 3712.0}
{"instrument_id": "hc1805", "date_time": "20180403 20:59:00", "high": 3718.0, "low": 3718.0, "close": 3718.0, "open": 3718.0}
{"instrument_id": "hc1805", "date_time": "20180403 21:00:00", "high": 3739.0, "low": 3693.0, "close": 3729.0, "open": 3715.0}
{"instrument_id": "hc1805", "date_time": "20180403 22:00:00", "high": 3755.000000000001, "low": 3727.000000000001, "close": 3748.0, "open": 3729.0}
{"instrument_id": "hc1805", "date_time": "20180403 23:00:00", "high": 3748.0, "low": 3748.0, "close": 3748.0, "open": 3748.0}
{"instrument_id": "hc1805", "date_time": "20180403 21:00:00", "high": 3739.0, "low": 3693.0, "close": 3729.0, "open": 3715.0}
{"instrument_id": "hc1805", "date_time": "20180403 22:00:00", "high": 3755.000000000001, "low": 3727.000000000001, "close": 3748.0, "open": 3729.0}
{"instrument_id": "hc1805", "date_time": "20180403 23:00:00", "high": 3748.0, "low": 3748.0, "close": 3748.0, "open": 3748.0}
{"instrument_id": "hc1805", "date_time": "20180403 09:00:00", "high": 3748.0, "low": 3719.0, "close": 3740.000000000001, "open": 3743.0}
{"instrument_id": "hc1805", "date_time": "20180403 10:00:00", "high": 3743.000000000001, "low": 3727.0, "close": 3736.0, "open": 3740.000000000001}
{"instrument_id": "hc1805", "date_time": "20180403 11:00:00", "high": 3740.000000000001, "low": 3707.0, "close": 3716.0, "open": 3736.0}
{"instrument_id": "hc1805", "date_time": "20180403 13:30:00", "high": 3715.0, "low": 3696.000000000001, "close": 3701.0, "open": 3715.0}
{"instrument_id": "hc1805", "date_time": "20180403 14:00:00", "high": 3710.0, "low": 3672.0, "close": 3698.0, "open": 3702.0}
