{"instrument_id": "hc1810", "date_time": "20180403 15:33:07", "high": 3451.0000000000005, "low": 3451.0, "close": 3451.0, "open": 3451.0000000000005}
{"instrument_id": "hc1810", "date_time": "20180404 18:29:58", "high": 3451.0, "low": 3451.0, "close": 3451.0, "open": 3451.0}
{"instrument_id": "hc1810", "date_time": "20180404 20:59:00", "high": 3453.0, "low": 3453.0, "close": 3453.0, "open": 3453.0}
{"instrument_id": "hc1810", "date_time": "20180404 21:00:00", "high": 3484.0, "low": 3445.0, "close": 3448.0, "open": 3450.0000000000005}
{"instrument_id": "hc1810", "date_time": "20180404 21:05:00", "high": 3453.0, "low": 3439.0, "close": 3448.0, "open": 3448.0}
{"instrument_id": "hc1810", "date_time": "20180404 21:10:00", "high": 3456.0, "low": 3444.0, "close": 3447.0, "open": 3448.0}
{"instrument_id": "hc1810", "date_time": "20180404 21:15:00", "high": 3449.0, "low": 3445.0, "close": 3446.0, "open": 3447.0}
{"instrument_id": "hc1810", "date_time": "20180404 21:20:00", "high": 3450.0000000000005, "low": 3445.0, "close": 3450.0, "open": 3446.0}
{"instrument_id": "hc1810", "date_time": "20180404 21:25:00", "high": 3450.0000000000005, "low": 3436.0, "close": 3437.0, "open": 3450.0}
{"instrument_id": "hc1810", "date_time": "20180404 21:30:00", "high": 3447.0, "low": 3437.0, "close": 3444.0, "open": 3437.0}
{"instrument_id": "hc1810", "date_time": "20180404 21:35:00", "high": 3451.0, "low": 3444.0, "close": 3446.0, "open": 3444.0}
{"instrument_id": "hc1810", "date_time": "20180404 21:40:00", "high": 3449.0, "low": 3444.0, "close": 3445.0, "open": 3446.0}
{"instrument_id": "hc1810", "date_time": "20180404 21:45:01", "high": 3450.0, "low": 3437.0, "close": 3438.0, "open": 3445.0}
{"instrument_id": "hc1810", "date_time": "20180404 21:50:00", "high": 3438.0, "low": 3428.0, "close": 3434.0, "open": 3438.0}
{"instrument_id": "hc1810", "date_time": "20180404 21:55:00", "high": 3437.0, "low": 3431.0000000000005, "close": 3431.0000000000005, "open": 3434.0}
{"instrument_id": "hc1810", "date_time": "20180404 22:00:00", "high": 3437.0000000000005, "low": 3428.0, "close": 3437.0, "open": 3430.0}
{"instrument_id": "hc1810", "date_time": "20180404 22:05:00", "high": 3438.0, "low": 3433.0, "close": 3436.0, "open": 3437.0}
{"instrument_id": "hc1810", "date_time": "20180404 22:10:00", "high": 3436.0, "low": 3430.0, "close": 3432.0, "open": 3436.0}
{"instrument_id": "hc1810", "date_time": "20180404 22:15:01", "high": 3438.0, "low": 3429.0, "close": 3436.0, "open": 3431.0}
{"instrument_id": "hc1810", "date_time": "20180404 22:20:00", "high": 3438.0, "low": 3433.0, "close": 3436.0, "open": 3436.0}
{"instrument_id": "hc1810", "date_time": "20180404 22:25:00", "high": 3437.0000000000005, "low": 3430.0, "close": 3433.0, "open": 3437.0}
{"instrument_id": "hc1810", "date_time": "20180404 22:30:00", "high": 3441.0, "low": 3432.0, "close": 3436.0, "open": 3433.0}
{"instrument_id": "hc1810", "date_time": "20180404 22:35:02", "high": 3445.0, "low": 3436.0, "close": 3444.0000000000005, "open": 3436.0}
{"instrument_id": "hc1810", "date_time": "20180404 22:40:00", "high": 3447.0000000000005, "low": 3441.0, "close": 3442.0, "open": 3444.0000000000005}
{"instrument_id": "hc1810", "date_time": "20180404 22:45:00", "high": 3443.0000000000005, "low": 3439.0, "close": 3439.0, "open": 3442.0}
{"instrument_id": "hc1810", "date_time": "20180404 22:50:00", "high": 3443.0000000000005, "low": 3438.0, "close": 3441.0, "open": 3439.0}
{"instrument_id": "hc1810", "date_time": "20180404 22:55:00", "high": 3442.0000000000005, "low": 3436.0, "close": 3437.0, "open": 3439.0}
{"instrument_id": "hc1810", "date_time": "20180404 23:00:00", "high": 3437.0, "low": 3437.0, "close": 3437.0, "open": 3437.0}
{"instrument_id": "hc1810", "date_time": "20180404 21:10:00", "high": 3456.0, "low": 3444.0, "close": 3447.0, "open": 3448.0}
{"instrument_id": "hc1810", "date_time": "20180404 21:15:00", "high": 3449.0, "low": 3445.0, "close": 3448.0, "open": 3447.0}
{"instrument_id": "hc1810", "date_time": "20180404 21:35:00", "high": 3451.0, "low": 3444.0, "close": 3447.0, "open": 3444.0}
{"instrument_id": "hc1810", "date_time": "20180404 21:55:00", "high": 3447.0, "low": 3431.0000000000005, "close": 3431.0000000000005, "open": 3434.0}
{"instrument_id": "hc1810", "date_time": "20180404 22:00:00", "high": 3437.0000000000005, "low": 3428.0, "close": 3437.0, "open": 3430.0}
{"instrument_id": "hc1810", "date_time": "20180404 22:05:00", "high": 3438.0, "low": 3433.0, "close": 3436.0, "open": 3437.0}
{"instrument_id": "hc1810", "date_time": "20180404 22:10:00", "high": 3436.0, "low": 3430.0, "close": 3432.0, "open": 3436.0}
{"instrument_id": "hc1810", "date_time": "20180404 22:15:01", "high": 3438.0, "low": 3429.0, "close": 3436.0, "open": 3431.0}
{"instrument_id": "hc1810", "date_time": "20180404 22:20:00", "high": 3438.0, "low": 3433.0, "close": 3434.0, "open": 3436.0}
{"instrument_id": "hc1810", "date_time": "20180404 23:00:00", "high": 3437.0, "low": 3437.0, "close": 3437.0, "open": 3437.0}
{"instrument_id": "hc1810", "date_time": "20180404 22:20:00", "high": 3438.0, "low": 3433.0, "close": 3436.0, "open": 3436.0}
{"instrument_id": "hc1810", "date_time": "20180404 22:25:00", "high": 3437.0000000000005, "low": 3430.0, "close": 3433.0, "open": 3437.0}
{"instrument_id": "hc1810", "date_time": "20180404 22:30:00", "high": 3441.0, "low": 3432.0, "close": 3436.0, "open": 3433.0}
{"instrument_id": "hc1810", "date_time": "20180404 22:35:02", "high": 3445.0, "low": 3436.0, "close": 3444.0000000000005, "open": 3436.0}
{"instrument_id": "hc1810", "date_time": "20180404 22:40:00", "high": 3447.0000000000005, "low": 3441.0, "close": 3442.0, "open": 3444.0000000000005}
{"instrument_id": "hc1810", "date_time": "20180404 22:45:00", "high": 3443.0000000000005, "low": 3439.0, "close": 3439.0, "open": 3442.0}
{"instrument_id": "hc1810", "date_time": "20180404 22:50:00", "high": 3443.0000000000005, "low": 3438.0, "close": 3441.0, "open": 3439.0}
{"instrument_id": "hc1810", "date_time": "20180404 22:55:00", "high": 3442.0000000000005, "low": 3436.0, "close": 3437.0, "open": 3439.0}
{"instrument_id": "hc1810", "date_time": "20180404 23:00:00", "high": 3437.0, "low": 3437.0, "close": 3437.0, "open": 3437.0}
{"instrument_id": "hc1810", "date_time": "20180404 09:00:00", "high": 3438.0, "low": 3425.0, "close": 3429.0000000000005, "open": 3438.0}
{"instrument_id": "hc1810", "date_time": "20180404 09:05:00", "high": 3435.0, "low": 3427.0, "close": 3433.0, "open": 3429.0000000000005}
{"instrument_id": "hc1810", "date_time": "20180404 09:10:00", "high": 3445.0, "low": 3432.0, "close": 3442.0, "open": 3433.0}
{"instrument_id": "hc1810", "date_time": "20180404 09:15:00", "high": 3454.0000000000005, "low": 3442.0, "close": 3444.0, "open": 3442.0}
{"instrument_id": "hc1810", "date_time": "20180404 09:20:00", "high": 3447.0000000000005, "low": 3432.0000000000005, "close": 3434.0, "open": 3445.0}
{"instrument_id": "hc1810", "date_time": "20180404 09:25:00", "high": 3440.0000000000005, "low": 3433.0000000000005, "close": 3435.0, "open": 3434.0}
{"instrument_id": "hc1810", "date_time": "20180404 09:30:00", "high": 3440.0000000000005, "low": 3435.0, "close": 3438.0, "open": 3435.0}
{"instrument_id": "hc1810", "date_time": "20180404 09:35:01", "high": 3439.0000000000005, "low": 3435.0, "close": 3439.0, "open": 3437.0000000000005}
{"instrument_id": "hc1810", "date_time": "20180404 09:40:00", "high": 3443.0, "low": 3437.0, "close": 3439.0, "open": 3439.0}
{"instrument_id": "hc1810", "date_time": "20180404 09:45:00", "high": 3444.0000000000005, "low": 3438.0, "close": 3443.0, "open": 3439.0}
{"instrument_id": "hc1810", "date_time": "20180404 09:50:00", "high": 3443.0, "low": 3441.0, "close": 3443.0, "open": 3443.0}
{"instrument_id": "hc1810", "date_time": "20180404 09:55:01", "high": 3444.0000000000005, "low": 3435.0, "close": 3437.0, "open": 3443.0}
{"instrument_id": "hc1810", "date_time": "20180404 10:00:00", "high": 3445.0, "low": 3434.0, "close": 3445.0,