{"instrument_id": "hc1805", "date_time": "20180402 15:20:07", "high": 3712.0, "low": 3712.0, "close": 3712.0, "open": 3712.0}
{"instrument_id": "hc1805", "date_time": "20180403 18:32:14", "high": 3712.0, "low": 3712.0, "close": 3712.0, "open": 3712.0}
{"instrument_id": "hc1805", "date_time": "20180403 20:59:00", "high": 3718.0, "low": 3718.0, "close": 3718.0, "open": 3718.0}
{"instrument_id": "hc1805", "date_time": "20180403 21:00:00", "high": 3720.000000000001, "low": 3705.0, "close": 3709.0, "open": 3715.0}
{"instrument_id": "hc1805", "date_time": "20180403 21:15:00", "high": 3713.0, "low": 3693.0, "close": 3699.0, "open": 3709.0}
{"instrument_id": "hc1805", "date_time": "20180403 21:30:00", "high": 3732.0, "low": 3698.0, "close": 3727.000000000001, "open": 3698.0}
{"instrument_id": "hc1805", "date_time": "20180403 21:45:00", "high": 3739.0, "low": 3727.000000000001, "close": 3729.0, "open": 3728.0}
{"instrument_id": "hc1805", "date_time": "20180403 22:00:00", "high": 3737.0, "low": 3727.000000000001, "close": 3734.0, "open": 3729.0}
{"instrument_id": "hc1805", "date_time": "20180403 22:15:00", "high": 3755.000000000001, "low": 3733.0, "close": 3752.0, "open": 3734.0}
{"instrument_id": "hc1805", "date_time": "20180403 22:30:00", "high": 3754.000000000001, "low": 3743.0, "close": 3746.0, "open": 3752.0}
{"instrument_id": "hc1805", "date_time": "20180403 22:45:00", "high": 3750.0, "low": 3735.0, "close": 3748.0, "open": 3746.0}
{"instrument_id": "hc1805", "date_time": "20180403 23:00:00", "high": 3748.0, "low": 3748.0, "close": 3748.0, "open": 3748.0}
{"instrument_id": "hc1805", "date_time": "20180403 21:15:00", "high": 3713.0, "low": 3693.0, "close": 3699.0, "open": 3709.0}
{"instrument_id": "hc1805", "date_time": "20180403 21:30:00", "high": 3732.0, "low": 3698.0, "close": 3731.0, "open": 3698.0}
{"instrument_id": "hc1805", "date_time": "20180403 21:45:00", "high": 3739.0, "low": 3727.000000000001, "close": 3729.0, "open": 3728.0}
{"instrument_id": "hc1805", "date_time": "20180403 22:00:00", "high": 3737.0, "low": 3727.000000000001, "close": 3733.0, "open": 3729.0}
{"instrument_id": "hc1805", "date_time": "20180403 22:15:00", "high": 3755.000000000001, "low": 3733.0, "close": 3752.0, "open": 3734.0}
{"instrument_id": "hc1805", "date_time": "20180403 22:30:00", "high": 3754.000000000001, "low": 3743.0, "close": 3747.0, "open": 3752.0}
{"instrument_id": "hc1805", "date_time": "20180403 22:45:00", "high": 3750.0, "low": 3735.0, "close": 3748.0, "open": 3746.0}
{"instrument_id": "hc1805", "date_time": "20180403 23:00:00", "high": 3748.0, "low": 3748.0, "close": 3748.0, "open": 3748.0}
{"instrument_id": "hc1805", "date_time": "20180403 09:00:00", "high": 3743.0, "low": 3724.0, "close": 3729.000000000001, "open": 3743.0}
{"instrument_id": "hc1805", "date_time": "20180403 09:15:00", "high": 3732.0, "low": 3721.0, "close": 3721.0, "open": 3730.0}
{"instrument_id": "hc1805", "date_time": "20180403 09:30:00", "high": 3729.0, "low": 3719.0, "close": 3727.0, "open": 3722.0}
{"instrument_id": "hc1805", "date_time": "20180403 09:45:00", "high": 3748.0, "low": 3725.0, "close": 3740.000000000001, "open": 3727.0}
{"instrument_id": "hc1805", "date_time": "20180403 10:00:00", "high": 3743.000000000001, "low": 3732.0, "close": 3740.000000000001, "open": 3740.000000000001}
{"instrument_id": "hc1805", "date_time": "20180403 10:15:00", "high": 3740.000000000001, "low": 3740.000000000001, "close": 3740.000000000001, "open": 3740.000000000001}
{"instrument_id": "hc1805", "date_time": "20180403 10:30:00", "high": 3742.0, "low": 3727.0, "close": 3730.0, "open": 3739.0}
{"instrument_id": "hc1805", "date_time": "20180403 10:45:00", "high": 3740.0, "low": 3729.0, "close": 3736.0, "open": 3730.0}
{"instrument_id": "hc1805", "date_time": "20180403 11:00:00", "high": 3740.000000000001, "low": 3709.000000000001, "close": 3714.0, "open": 3736.0}
{"instrument_id": "hc1805", "date_time": "20180403 11:15:00", "high": 3727.0, "low": 3707.0, "close": 3716.0, "open": 3714.0}
{"instrument_id": "hc1805", "date_time": "20180403 11:30:00", "high": 3716.0, "low": 3716.0, "close": 3716.0, "open": 3716.0}
{"instrument_id": "hc1805", "date_time": "20180403 13:30:00", "high": 3715.0, "low": 3696.000000000001, "close": 3703.0, "open": 3715.0}
{"instrument_id": "hc1805", "date_time": "20180403 13:45:00", "high": 3710.000000000001, "low": 3701.0, "close": 3701.0, "open": 3704.0}
{"instrument_id": "hc1805", "date_time": "20180403 14:00:00", "high": 3710.0, "low": 3697.0, "close": 3703.0, "open": 3702.0}
{"instrument_id": "hc1805", "date_time": "20180403 14:15:00", "high": 3704.0, "low": 3672.0, "close": 3678.000000000001, "open": 3703.0}
{"instrument_id": "hc1805", "date_time": "20180403 14:30:00", "high": 3695.0, "low": 3677.0, "close": 3688.0, "open": 3678.000000000001}
{"instrument_id": "hc1805", "date_time": "20180403 14:45:00", "high": 3699.0, "low": 3680.0, "close": 3698.0, "open": 3688.0}
{"instrument_id": "hc1805", "date_time": "20180403 15:00:00", "high": 3698.0, "low": 3698.0, "close": 3698.0, "open": 3698.0}
