{"instrument_id": "hc1810", "date_time": "20180409 15:18:25", "high": 3516.0000000000005, "low": 3516.0000000000005, "close": 3516.0000000000005, "open": 3516.0000000000005}
{"instrument_id": "hc1810", "date_time": "20180410 18:32:37", "high": 3516.0, "low": 3516.0, "close": 3516.0, "open": 3516.0}
{"instrument_id": "hc1810", "date_time": "20180410 20:59:00", "high": 3516.0, "low": 3516.0, "close": 3516.0, "open": 3516.0}
{"instrument_id": "hc1810", "date_time": "20180410 21:00:00", "high": 3517.0000000000005, "low": 3496.0, "close": 3505.0, "open": 3517.0000000000005}
{"instrument_id": "hc1810", "date_time": "20180410 21:15:00", "high": 3519.0, "low": 3501.0, "close": 3511.0, "open": 3504.0}
{"instrument_id": "hc1810", "date_time": "20180410 21:30:00", "high": 3513.0, "low": 3506.0, "close": 3507.0, "open": 3511.0}
{"instrument_id": "hc1810", "date_time": "20180410 21:45:00", "high": 3508.0, "low": 3500.0, "close": 3504.0, "open": 3507.0}
{"instrument_id": "hc1810", "date_time": "20180410 22:00:00", "high": 3510.0, "low": 3502.0, "close": 3510.0, "open": 3504.0}
{"instrument_id": "hc1810", "date_time": "20180410 22:15:00", "high": 3511.0, "low": 3504.0, "close": 3510.0, "open": 3510.0}
{"instrument_id": "hc1810", "date_time": "20180410 22:30:00", "high": 3519.0000000000005, "low": 3510.0, "close": 3518.0, "open": 3510.0}
{"instrument_id": "hc1810", "date_time": "20180410 22:45:00", "high": 3534.0, "low": 3518.0, "close": 3534.0, "open": 3518.0}
{"instrument_id": "hc1810", "date_time": "20180410 23:00:00", "high": 3535.0000000000005, "low": 3535.0000000000005, "close": 3535.0000000000005, "open": 3535.0000000000005}
{"instrument_id": "hc1810", "date_time": "20180410 21:00:00", "high": 3517.0000000000005, "low": 3496.0, "close": 3513.0, "open": 3517.0000000000005}
{"instrument_id": "hc1810", "date_time": "20180410 22:00:00", "high": 3510.0, "low": 3502.0, "close": 3507.0, "open": 3504.0}
{"instrument_id": "hc1810", "date_time": "20180410 22:15:00", "high": 3511.0, "low": 3504.0, "close": 3510.0, "open": 3510.0}
{"instrument_id": "hc1810", "date_time": "20180410 22:30:00", "high": 3519.0000000000005, "low": 3510.0, "close": 3517.0, "open": 3510.0}
{"instrument_id": "hc1810", "date_time": "20180410 22:45:00", "high": 3534.0, "low": 3518.0, "close": 3534.0, "open": 3518.0}
{"instrument_id": "hc1810", "date_time": "20180410 23:00:00", "high": 3535.0000000000005, "low": 3535.0000000000005, "close": 3535.0000000000005, "open": 3535.0000000000005}
{"instrument_id": "hc1810", "date_time": "20180410 09:00:00", "high": 3547.0, "low": 3517.0, "close": 3538.0, "open": 3541.0}
{"instrument_id": "hc1810", "date_time": "20180410 09:15:00", "high": 3544.0, "low": 3536.0, "close": 3537.0, "open": 3538.0}
{"instrument_id": "hc1810", "date_time": "20180410 09:30:00", "high": 3544.0, "low": 3532.0, "close": 3538.0, "open": 3536.0}
{"instrument_id": "hc1810", "date_time": "20180410 09:45:00", "high": 3541.0, "low": 3514.0, "close": 3515.0, "open": 3538.0}
{"instrument_id": "hc1810", "date_time": "20180410 10:00:00", "high": 3516.0, "low": 3498.0, "close": 3508.0, "open": 3515.0}
{"instrument_id": "hc1810", "date_time": "20180410 10:15:00", "high": 3508.0, "low": 3508.0, "close": 3508.0, "open": 3508.0}
{"instrument_id": "hc1810", "date_time": "20180410 10:30:00", "high": 3524.0, "low": 3507.0, "close": 3520.0, "open": 3508.0}
{"instrument_id": "hc1810", "date_time": "20180410 10:45:00", "high": 3538.0, "low": 3516.0, "close": 3535.0, "open": 3520.0}
{"instrument_id": "hc1810", "date_time": "20180410 11:00:00", "high": 3540.0, "low": 3527.0, "close": 3527.0, "open": 3536.0}
{"instrument_id": "hc1810", "date_time": "20180410 11:15:00", "high": 3531.0000000000005, "low": 3519.0, "close": 3523.0, "open": 3527.0}
{"instrument_id": "hc1810", "date_time": "20180410 11:30:00", "high": 3523.0, "low": 3523.0, "close": 3523.0, "open": 3523.0}
{"instrument_id": "hc1810", "date_time": "20180410 13:30:00", "high": 3545.0, "low": 3520.0, "close": 3542.0, "open": 3528.0}
{"instrument_id": "hc1810", "date_time": "20180410 13:45:00", "high": 3546.0, "low": 3533.0, "close": 3544.0, "open": 3542.0}
{"instrument_id": "hc1810", "date_time": "20180410 14:00:00", "high": 3551.0, "low": 3520.0, "close": 3527.0, "open": 3544.0}
{"instrument_id": "hc1810", "date_time": "20180410 14:15:00", "high": 3532.0, "low": 3520.0, "close": 3529.0, "open": 3528.0}
{"instrument_id": "hc1810", "date_time": "20180410 14:30:00", "high": 3540.0, "low": 3528.0, "close": 3533.0, "open": 3529.0}
{"instrument_id": "hc1810", "date_time": "20180410 14:45:00", "high": 3538.0000000000005, "low": 3529.0, "close": 3530.0000000000005, "open": 3533.0}
{"instrument_id": "hc1810", "date_time": "20180410 15:00:00", "high": 3531.0, "low": 3531.0, "close": 3531.0, "open": 3531.0}
