{"instrument_id": "hc1810", "date_time": "20180402 15:00:00", "high": 3464.0, "low": 3464.0, "close": 3464.0, "open": 3464.0}
{"instrument_id": "hc1810", "date_time": "20180403 18:32:14", "high": 3464.0, "low": 3464.0, "close": 3464.0, "open": 3464.0}
{"instrument_id": "hc1810", "date_time": "20180403 20:59:00", "high": 3464.0, "low": 3464.0, "close": 3464.0, "open": 3464.0}
{"instrument_id": "hc1810", "date_time": "20180403 21:00:00", "high": 3483.0000000000005, "low": 3451.0, "close": 3478.0, "open": 3463.0000000000005}
{"instrument_id": "hc1810", "date_time": "20180403 22:00:00", "high": 3507.0, "low": 3471.0, "close": 3499.0, "open": 3478.0}
{"instrument_id": "hc1810", "date_time": "20180403 23:00:00", "high": 3499.0, "low": 3499.0, "close": 3499.0, "open": 3499.0}
{"instrument_id": "hc1810", "date_time": "20180403 21:00:00", "high": 3483.0000000000005, "low": 3451.0, "close": 3478.0, "open": 3463.0000000000005}
{"instrument_id": "hc1810", "date_time": "20180403 22:00:00", "high": 3507.0, "low": 3471.0, "close": 3499.0, "open": 3478.0}
{"instrument_id": "hc1810", "date_time": "20180403 23:00:00", "high": 3499.0, "low": 3499.0, "close": 3499.0, "open": 3499.0}
{"instrument_id": "hc1810", "date_time": "20180403 09:00:00", "high": 3493.0, "low": 3465.0, "close": 3485.0, "open": 3493.0}
{"instrument_id": "hc1810", "date_time": "20180403 10:00:00", "high": 3486.0, "low": 3460.0, "close": 3465.0000000000005, "open": 3486.0}
{"instrument_id": "hc1810", "date_time": "20180403 11:00:00", "high": 3467.0000000000005, "low": 3418.0, "close": 3428.0, "open": 3465.0000000000005}
{"instrument_id": "hc1810", "date_time": "20180403 13:30:00", "high": 3439.0, "low": 3411.0, "close": 3434.0, "open": 3426.0}
{"instrument_id": "hc1810", "date_time": "20180403 14:00:00", "high": 3453.0000000000005, "low": 3430.0, "close": 3451.0000000000005, "open": 3434.0}
