{"instrument_id": "hc1810", "date_time": "20180412 15:00:00", "high": 3510.0, "low": 3510.0, "close": 3510.0, "open": 3510.0}
{"instrument_id": "hc1810", "date_time": "20180413 18:32:12", "high": 3510.0, "low": 3510.0, "close": 3510.0, "open": 3510.0}
{"instrument_id": "hc1810", "date_time": "20180413 20:59:00", "high": 3500.0, "low": 3500.0, "close": 3500.0, "open": 3500.0}
{"instrument_id": "hc1810", "date_time": "20180413 21:00:00", "high": 3515.0000000000005, "low": 3477.0, "close": 3489.0, "open": 3500.0000000000005}
{"instrument_id": "hc1810", "date_time": "20180413 22:00:00", "high": 3497.0, "low": 3475.0, "close": 3482.0, "open": 3489.0}
{"instrument_id": "hc1810", "date_time": "20180413 23:00:00", "high": 3482.0, "low": 3482.0, "close": 3482.0, "open": 3482.0}
{"instrument_id": "hc1810", "date_time": "20180413 21:00:00", "high": 3515.0000000000005, "low": 3477.0, "close": 3489.0, "open": 3500.0000000000005}
{"instrument_id": "hc1810", "date_time": "20180413 22:00:00", "high": 3497.0, "low": 3475.0, "close": 3482.0, "open": 3489.0}
{"instrument_id": "hc1810", "date_time": "20180413 23:00:00", "high": 3482.0, "low": 3482.0, "close": 3482.0, "open": 3482.0}
{"instrument_id": "hc1810", "date_time": "20180413 09:00:00", "high": 3524.0, "low": 3475.0, "close": 3515.0, "open": 3482.0}
{"instrument_id": "hc1810", "date_time": "20180413 10:00:00", "high": 3520.0, "low": 3507.0, "close": 3517.0, "open": 3515.0}
{"instrument_id": "hc1810", "date_time": "20180413 11:00:00", "high": 3543.0, "low": 3516.0, "close": 3541.0, "open": 3517.0}
{"instrument_id": "hc1810", "date_time": "20180413 13:30:00", "high": 3560.0000000000005, "low": 3541.0, "close": 3545.0, "open": 3543.0000000000005}
{"instrument_id": "hc1810", "date_time": "20180413 14:00:00", "high": 3560.0, "low": 3534.0, "close": 3550.0, "open": 3543.0}
