{"instrument_id": "hc1805", "date_time": "20180404 15:00:00", "high": 3713.0, "low": 3713.0, "close": 3713.0, "open": 3713.0}
{"instrument_id": "hc1805", "date_time": "20180409 07:32:12", "high": 3713.0, "low": 3713.0, "close": 3713.0, "open": 3713.0}
{"instrument_id": "hc1805", "date_time": "20180409 08:59:00", "high": 3707.0, "low": 3707.0, "close": 3707.0, "open": 3707.0}
{"instrument_id": "hc1805", "date_time": "20180409 09:00:00", "high": 3769.0, "low": 3708.0000000000005, "close": 3748.0, "open": 3710.0}
{"instrument_id": "hc1805", "date_time": "20180409 09:30:00", "high": 3757.0, "low": 3733.0, "close": 3738.0, "open": 3748.0}
{"instrument_id": "hc1805", "date_time": "20180409 10:00:00", "high": 3738.0, "low": 3713.0, "close": 3716.0, "open": 3738.0}
{"instrument_id": "hc1805", "date_time": "20180409 10:30:00", "high": 3738.0, "low": 3712.0, "close": 3729.0, "open": 3716.0}
{"instrument_id": "hc1805", "date_time": "20180409 11:00:00", "high": 3747.0, "low": 3729.0, "close": 3746.0, "open": 3729.0}
{"instrument_id": "hc1805", "date_time": "20180409 11:30:00", "high": 3746.0, "low": 3746.0, "close": 3746.0, "open": 3746.0}
{"instrument_id": "hc1805", "date_time": "20180409 13:30:00", "high": 3773.0, "low": 3747.0, "close": 3762.000000000001, "open": 3747.0}
{"instrument_id": "hc1805", "date_time": "20180409 14:00:00", "high": 3778.0, "low": 3761.0, "close": 3765.0, "open": 3761.0}
{"instrument_id": "hc1805", "date_time": "20180409 14:30:01", "high": 3785.0, "low": 3765.0, "close": 3782.0, "open": 3765.0}
