{"instrument_id": "hc1810", "date_time": "20180509 09:04:41", "high": 3705.0, "low": 3681.0, "close": 3690.000000000001, "open": 3692.0}
{"instrument_id": "hc1810", "date_time": "20180509 10:00:00", "high": 3694.000000000001, "low": 3675.0, "close": 3690.0, "open": 3690.000000000001}
{"instrument_id": "hc1810", "date_time": "20180509 11:00:00", "high": 3695.0000000000005, "low": 3681.0, "close": 3692.0, "open": 3690.0}
{"instrument_id": "hc1810", "date_time": "20180509 13:30:00", "high": 3692.0, "low": 3675.0, "close": 3684.0, "open": 3692.0}
{"instrument_id": "hc1810", "date_time": "20180509 14:00:00", "high": 3685.000000000001, "low": 3666.0, "close": 3676.0, "open": 3684.0}
