{"instrument_id": "hc1810", "date_time": "20180509 09:04:41", "high": 3698.0, "low": 3688.0, "close": 3690.000000000001, "open": 3692.0}
{"instrument_id": "hc1810", "date_time": "20180509 09:15:00", "high": 3705.0, "low": 3689.0, "close": 3699.000000000001, "open": 3691.0}
{"instrument_id": "hc1810", "date_time": "20180509 09:30:00", "high": 3701.0, "low": 3692.0, "close": 3693.0, "open": 3699.000000000001}
{"instrument_id": "hc1810", "date_time": "20180509 09:45:00", "high": 3694.0, "low": 3681.0, "close": 3690.000000000001, "open": 3693.0}
{"instrument_id": "hc1810", "date_time": "20180509 10:00:00", "high": 3691.0, "low": 3675.0, "close": 3690.0, "open": 3690.000000000001}
{"instrument_id": "hc1810", "date_time": "20180509 10:15:00", "high": 3689.0, "low": 3689.0, "close": 3689.0, "open": 3689.0}
{"instrument_id": "hc1810", "date_time": "20180509 10:30:00", "high": 3694.000000000001, "low": 3684.0, "close": 3692.0, "open": 3688.0}
{"instrument_id": "hc1810", "date_time": "20180509 10:45:00", "high": 3693.0, "low": 3685.0, "close": 3690.0, "open": 3692.0}
{"instrument_id": "hc1810", "date_time": "20180509 11:00:00", "high": 3692.0, "low": 3685.0, "close": 3689.0, "open": 3690.0}
{"instrument_id": "hc1810", "date_time": "20180509 11:15:01", "high": 3695.0000000000005, "low": 3681.0, "close": 3692.0, "open": 3689.0}
{"instrument_id": "hc1810", "date_time": "20180509 11:30:00", "high": 3692.0, "low": 3692.0, "close": 3692.0, "open": 3692.0}
{"instrument_id": "hc1810", "date_time": "20180509 13:30:00", "high": 3692.0, "low": 3675.0, "close": 3682.0, "open": 3692.0}
{"instrument_id": "hc1810", "date_time": "20180509 13:45:00", "high": 3685.000000000001, "low": 3678.0, "close": 3684.0, "open": 3682.0}
{"instrument_id": "hc1810", "date_time": "20180509 14:00:00", "high": 3685.000000000001, "low": 3673.0, "close": 3676.0, "open": 3684.0}
{"instrument_id": "hc1810", "date_time": "20180509 14:15:00", "high": 3680.0, "low": 3668.0, "close": 3670.0, "open": 3676.0}
{"instrument_id": "hc1810", "date_time": "20180509 14:30:00", "high": 3673.000000000001, "low": 3666.0, "close": 3669.0, "open": 3670.0}
{"instrument_id": "hc1810", "date_time": "20180509 14:45:00", "high": 3678.0, "low": 3666.0, "close": 3676.0, "open": 3669.0}
{"instrument_id": "hc1810", "date_time": "20180509 15:00:00", "high": 3676.0, "low": 3676.0, "close": 3676.0, "open": 3676.0}
