{"instrument_id": "hc1810", "date_time": "20180411 15:00:00", "high": 3479.0, "low": 3479.0, "close": 3479.0, "open": 3479.0}
{"instrument_id": "hc1810", "date_time": "20180412 18:32:33", "high": 3479.0, "low": 3479.0, "close": 3479.0, "open": 3479.0}
{"instrument_id": "hc1810", "date_time": "20180412 20:59:00", "high": 3482.0, "low": 3482.0, "close": 3482.0, "open": 3482.0}
{"instrument_id": "hc1810", "date_time": "20180412 21:00:00", "high": 3492.0000000000005, "low": 3461.0, "close": 3477.0, "open": 3481.0}
{"instrument_id": "hc1810", "date_time": "20180412 22:00:00", "high": 3520.0, "low": 3475.0, "close": 3509.0, "open": 3476.0000000000005}
{"instrument_id": "hc1810", "date_time": "20180412 23:00:00", "high": 3509.0, "low": 3509.0, "close": 3509.0, "open": 3509.0}
{"instrument_id": "hc1810", "date_time": "20180412 22:00:00", "high": 3520.0, "low": 3475.0, "close": 3509.0, "open": 3476.0000000000005}
{"instrument_id": "hc1810", "date_time": "20180412 23:00:00", "high": 3509.0, "low": 3509.0, "close": 3509.0, "open": 3509.0}
{"instrument_id": "hc1810", "date_time": "20180412 09:00:00", "high": 3505.0000000000005, "low": 3462.0, "close": 3474.0, "open": 3505.0000000000005}
{"instrument_id": "hc1810", "date_time": "20180412 10:00:00", "high": 3498.0000000000005, "low": 3468.0000000000005, "close": 3488.0, "open": 3474.0}
{"instrument_id": "hc1810", "date_time": "20180412 11:00:00", "high": 3492.0, "low": 3475.0, "close": 3477.0, "open": 3487.0}
{"instrument_id": "hc1810", "date_time": "20180412 13:30:00", "high": 3519.0000000000005, "low": 3472.0, "close": 3507.0, "open": 3473.0}
{"instrument_id": "hc1810", "date_time": "20180412 14:00:00", "high": 3529.0, "low": 3505.0, "close": 3510.0, "open": 3507.0}
