{"instrument_id": "hc1805", "date_time": "20180413 15:00:00", "high": 3840.000000000001, "low": 3840.000000000001, "close": 3840.000000000001, "open": 3840.000000000001}
{"instrument_id": "hc1805", "date_time": "20180416 18:33:13", "high": 3840.0, "low": 3840.0, "close": 3840.0, "open": 3840.0}
{"instrument_id": "hc1805", "date_time": "20180416 20:59:00", "high": 3840.0, "low": 3840.0, "close": 3840.0, "open": 3840.0}
{"instrument_id": "hc1805", "date_time": "20180416 21:00:00", "high": 3853.0, "low": 3832.000000000001, "close": 3834.0, "open": 3840.0}
{"instrument_id": "hc1805", "date_time": "20180416 22:00:00", "high": 3843.0, "low": 3832.0, "close": 3833.0, "open": 3834.0}
