{"instrument_id": "hc1810", "date_time": "20180404 15:29:07", "high": 3422.0, "low": 3422.0, "close": 3422.0, "open": 3422.0}
{"instrument_id": "hc1810", "date_time": "20180409 07:32:12", "high": 3422.0, "low": 3422.0, "close": 3422.0, "open": 3422.0}
{"instrument_id": "hc1810", "date_time": "20180409 08:59:00", "high": 3419.0, "low": 3419.0, "close": 3419.0, "open": 3419.0}
{"instrument_id": "hc1810", "date_time": "20180409 09:00:00", "high": 3459.0, "low": 3410.0, "close": 3425.0, "open": 3410.0}
{"instrument_id": "hc1810", "date_time": "20180409 09:05:00", "high": 3437.0, "low": 3415.0, "close": 3434.0, "open": 3425.0}
{"instrument_id": "hc1810", "date_time": "20180409 09:10:00", "high": 3436.0, "low": 3422.0, "close": 3426.0, "open": 3434.0}
{"instrument_id": "hc1810", "date_time": "20180409 09:15:00", "high": 3443.0, "low": 3426.0, "close": 3442.0, "open": 3427.0000000000005}
{"instrument_id": "hc1810", "date_time": "20180409 09:20:00", "high": 3443.0, "low": 3434.0, "close": 3440.0, "open": 3442.0}
{"instrument_id": "hc1810", "date_time": "20180409 09:25:00", "high": 3450.0, "low": 3441.0, "close": 3446.0, "open": 3441.0}
{"instrument_id": "hc1810", "date_time": "20180409 09:30:00", "high": 3460.0, "low": 3440.0, "close": 3455.0, "open": 3445.0}
{"instrument_id": "hc1810", "date_time": "20180409 09:35:00", "high": 3460.0, "low": 3444.0, "close": 3447.0, "open": 3456.0}
{"instrument_id": "hc1810", "date_time": "20180409 09:40:00", "high": 3450.0, "low": 3433.0, "close": 3436.0, "open": 3447.0}
{"instrument_id": "hc1810", "date_time": "20180409 09:45:00", "high": 3441.0000000000005, "low": 3432.0, "close": 3440.0, "open": 3436.0}
{"instrument_id": "hc1810", "date_time": "20180409 09:50:00", "high": 3443.0, "low": 3438.0, "close": 3439.0, "open": 3440.0}
{"instrument_id": "hc1810", "date_time": "20180409 09:55:00", "high": 3441.0, "low": 3433.0, "close": 3435.0, "open": 3439.0}
{"instrument_id": "hc1810", "date_time": "20180409 10:00:00", "high": 3436.0000000000005, "low": 3420.0, "close": 3427.0, "open": 3435.0}
{"instrument_id": "hc1810", "date_time": "20180409 10:05:00", "high": 3427.0, "low": 3409.0000000000005, "close": 3413.0, "open": 3427.0}
{"instrument_id": "hc1810", "date_time": "20180409 10:10:00", "high": 3419.0, "low": 3405.0, "close": 3407.0, "open": 3412.0}
{"instrument_id": "hc1810", "date_time": "20180409 10:15:00", "high": 3406.0000000000005, "low": 3406.0000000000005, "close": 3406.0000000000005, "open": 3406.0000000000005}
{"instrument_id": "hc1810", "date_time": "20180409 10:30:00", "high": 3418.0000000000005, "low": 3402.0, "close": 3414.0, "open": 3405.0}
{"instrument_id": "hc1810", "date_time": "20180409 10:35:00", "high": 3418.0, "low": 3412.0000000000005, "close": 3416.0, "open": 3414.0}
{"instrument_id": "hc1810", "date_time": "20180409 10:40:00", "high": 3419.0, "low": 3415.0, "close": 3417.0, "open": 3416.0}
{"instrument_id": "hc1810", "date_time": "20180409 10:45:00", "high": 3426.0, "low": 3416.0, "close": 3423.0, "open": 3417.0}
{"instrument_id": "hc1810", "date_time": "20180409 10:50:00", "high": 3434.0000000000005, "low": 3423.0, "close": 3432.0, "open": 3423.0}
{"instrument_id": "hc1810", "date_time": "20180409 10:55:00", "high": 3432.0, "low": 3426.0, "close": 3427.0, "open": 3432.0}
{"instrument_id": "hc1810", "date_time": "20180409 11:00:00", "high": 3439.0, "low": 3427.0, "close": 3436.0, "open": 3427.0}
{"instrument_id": "hc1810", "date_time": "20180409 11:05:00", "high": 3446.0000000000005, "low": 3436.0, "close": 3439.0, "open": 3436.0}
{"instrument_id": "hc1810", "date_time": "20180409 11:10:00", "high": 3442.0, "low": 3434.0, "close": 3442.0, "open": 3439.0}
{"instrument_id": "hc1810", "date_time": "20180409 11:15:00", "high": 3443.0, "low": 3436.0, "close": 3437.0, "open": 3442.0}
{"instrument_id": "hc1810", "date_time": "20180409 11:20:00", "high": 3439.0, "low": 3427.0, "close": 3435.0, "open": 3437.0}
{"instrument_id": "hc1810", "date_time": "20180409 11:25:00", "high": 3446.0000000000005, "low": 3434.0, "close": 3446.0, "open": 3435.0}
{"instrument_id": "hc1810", "date_time": "20180409 11:30:00", "high": 3446.0, "low": 3446.0, "close": 3446.0, "open": 3446.0}
{"instrument_id": "hc1810", "date_time": "20180409 13:30:00", "high": 3490.0, "low": 3446.0, "close": 3488.0, "open": 3446.0}
{"instrument_id": "hc1810", "date_time": "20180409 13:35:00", "high": 3491.0, "low": 3482.0, "close": 3487.0, "open": 3488.0}
{"instrument_id": "hc1810", "date_time": "20180409 13:40:00", "high": 3490.0, "low": 3477.0, "close": 3484.0, "open": 3487.0}
{"instrument_id": "hc1810", "date_time": "20180409 13:45:00", "high": 3485.0, "low": 3472.0, "close": 3478.0, "open": 3484.0}
{"instrument_id": "hc1810", "date_time": "20180409 13:50:00", "high": 3485.0, "low": 3477.0000000000005, "close": 3480.0, "open": 3478.0}
{"instrument_id": "hc1810", "date_time": "20180409 13:55:00", "high": 3484.0, "low": 3477.0, "close": 3480.0, "open": 3480.0}
{"instrument_id": "hc1810", "date_time": "20180409 14:00:00", "high": 3485.0000000000005, "low": 3480.0, "close": 3482.0, "open": 3480.0}
{"instrument_id": "hc1810", "date_time": "20180409 14:05:00", "high": 3483.0000000000005, "low": 3481.0, "close": 3482.0, "open": 3482.0}
{"instrument_id": "hc1810", "date_time": "20180409 14:10:00", "high": 3495.0, "low": 3481.0, "close": 3495.0, "open": 3482.0}
{"instrument_id": "hc1810", "date_time": "20180409 14:15:00", "high": 3496.0000000000005, "low": 3482.0, "close": 3484.0, "open": 3494.0}
{"instrument_id": "hc1810", "date_time": "20180409 14:20:00", "high": 3490.0000000000005, "low": 3482.0, "close": 3488.0, "open": 3484.0}
{"instrument_id": "hc1810", "date_time": "20180409 14:25:00", "high": 3489.0, "low": 3481.0, "close": 3484.0, "open": 3488.0}
{"instrument_id": "hc1810", "date_time": "20180409 14:30:01", "high": 3496.0000000000005, "low": 3484.0, "close": 3493.0, "open": 3484.0}
{"instrument_id": "hc1810", "date_time": "20180409 14:35:00", "high": 3513.0, "low": 3493.0, "close": 3508.0, "open": 3493.0}
{"instrument_id": "hc1810", "date_time": "20180409 14:40:00", "high": 3513.0000000000005, "low": 3504.0, "close": 3506.0, "open": 3508.0}
{"instrument_id": "hc1810", "date_time": "20180409 14:45:00", "high": 3506.0000000000005, "low": 3499.0, "close": 3506.0000000000005, "open": 3505.0}
{"instrument_id": "hc1810", "date_time": "20180409 14:50:00", "high": 3512.0, "low": 3502.0, "close": 3511.0, "open": 3506.0000000000005}
{"instrument_id": "hc1810", "date_time": "20180409 14:55:00", "high": 3521.0, "low": 3510.0, "close": 3517.0, "open": 3511.0}
{"instrument_id": "hc1810", "date_time": "20180409 15:00:00", "high": 3516.0000000000005, "low": 3516.0000000000005, "close": 3516.0000000000005, "open": 3516.0000000000005}
