{"instrument_id": "hc1805", "date_time": "20180412 15:19:50", "high": 3801.0, "low": 3801.0, "close": 3801.0, "open": 3801.0}
{"instrument_id": "hc1805", "date_time": "20180413 18:32:12", "high": 3801.0, "low": 3801.0, "close": 3801.0, "open": 3801.0}
{"instrument_id": "hc1805", "date_time": "20180413 20:59:00", "high": 3806.0, "low": 3785.0, "close": 3792.0, "open": 3806.0}
{"instrument_id": "hc1805", "date_time": "20180413 21:05:00", "high": 3801.0, "low": 3782.0, "close": 3787.0, "open": 3792.0}
{"instrument_id": "hc1805", "date_time": "20180413 21:18:00", "high": 3789.0, "low": 3770.0, "close": 3773.0, "open": 3786.0}
{"instrument_id": "hc1805", "date_time": "20180413 21:31:00", "high": 3783.0, "low": 3772.000000000001, "close": 3777.0, "open": 3773.0}
{"instrument_id": "hc1805", "date_time": "20180413 21:44:01", "high": 3790.0, "low": 3776.000000000001, "close": 3788.0, "open": 3777.0}
{"instrument_id": "hc1805", "date_time": "20180413 21:57:00", "high": 3791.000000000001, "low": 3782.0, "close": 3791.0, "open": 3788.0}
{"instrument_id": "hc1805", "date_time": "20180413 22:10:00", "high": 3794.0, "low": 3785.0, "close": 3794.0, "open": 3791.0}
{"instrument_id": "hc1805", "date_time": "20180413 22:23:01", "high": 3794.0, "low": 3782.0, "close": 3785.0, "open": 3794.0}
{"instrument_id": "hc1805", "date_time": "20180413 22:36:00", "high": 3786.0, "low": 3776.0, "close": 3783.0, "open": 3785.0}
{"instrument_id": "hc1805", "date_time": "20180413 22:49:00", "high": 3784.000000000001, "low": 3777.000000000001, "close": 3784.0, "open": 3783.0}
{"instrument_id": "hc1805", "date_time": "20180413 21:18:00", "high": 3789.0, "low": 3770.0, "close": 3773.0, "open": 3786.0}
{"instrument_id": "hc1805", "date_time": "20180413 21:31:00", "high": 3783.0, "low": 3772.000000000001, "close": 3777.0, "open": 3773.0}
{"instrument_id": "hc1805", "date_time": "20180413 21:44:01", "high": 3790.0, "low": 3776.000000000001, "close": 3788.0, "open": 3777.0}
{"instrument_id": "hc1805", "date_time": "20180413 21:57:00", "high": 3791.000000000001, "low": 3782.0, "close": 3791.0, "open": 3788.0}
{"instrument_id": "hc1805", "date_time": "20180413 22:10:00", "high": 3794.0, "low": 3785.0, "close": 3794.0, "open": 3791.0}
{"instrument_id": "hc1805", "date_time": "20180413 22:23:01", "high": 3794.0, "low": 3782.0, "close": 3785.0, "open": 3794.0}
{"instrument_id": "hc1805", "date_time": "20180413 22:36:00", "high": 3786.0, "low": 3776.0, "close": 3783.0, "open": 3785.0}
{"instrument_id": "hc1805", "date_time": "20180413 22:49:00", "high": 3784.000000000001, "low": 3777.000000000001, "close": 3784.0, "open": 3783.0}
{"instrument_id": "hc1805", "date_time": "20180413 09:00:00", "high": 3795.0, "low": 3778.0, "close": 3789.0, "open": 3784.0}
{"instrument_id": "hc1805", "date_time": "20180413 09:10:00", "high": 3800.000000000001, "low": 3787.0, "close": 3800.0, "open": 3789.0}
{"instrument_id": "hc1805", "date_time": "20180413 09:23:02", "high": 3813.000000000001, "low": 3796.0, "close": 3812.0, "open": 3800.0}
{"instrument_id": "hc1805", "date_time": "20180413 09:36:00", "high": 3813.000000000001, "low": 3800.000000000001, "close": 3802.0, "open": 3812.0}
{"instrument_id": "hc1805", "date_time": "20180413 09:49:00", "high": 3807.0, "low": 3799.0, "close": 3803.0, "open": 3802.0}
{"instrument_id": "hc1805", "date_time": "20180413 10:02:00", "high": 3810.0, "low": 3802.0, "close": 3807.0, "open": 3803.0}
{"instrument_id": "hc1805", "date_time": "20180413 10:15:00", "high": 3807.0, "low": 3807.0, "close": 3807.0, "open": 3807.0}
{"instrument_id": "hc1805", "date_time": "20180413 10:30:00", "high": 3810.0, "low": 3797.0, "close": 3802.0, "open": 3806.0}
{"instrument_id": "hc1805", "date_time": "20180413 10:41:02", "high": 3808.0, "low": 3801.0, "close": 3806.0, "open": 3802.0}
{"instrument_id": "hc1805", "date_time": "20180413 10:54:00", "high": 3819.0, "low": 3806.0, "close": 3817.0, "open": 3806.0}
{"instrument_id": "hc1805", "date_time": "20180413 11:07:00", "high": 3820.0, "low": 3805.0, "close": 3816.0, "open": 3817.0}
{"instrument_id": "hc1805", "date_time": "20180413 11:20:00", "high": 3819.0, "low": 3813.0, "close": 3818.0, "open": 3818.0}
{"instrument_id": "hc1805", "date_time": "20180413 13:30:00", "high": 3842.0, "low": 3818.0, "close": 3833.0, "open": 3818.0}
{"instrument_id": "hc1805", "date_time": "20180413 13:43:00", "high": 3835.0, "low": 3827.0, "close": 3832.0, "open": 3832.000000000001}
{"instrument_id": "hc1805", "date_time": "20180413 13:56:00", "high": 3836.000000000001, "low": 3827.0, "close": 3833.0, "open": 3830.0}
{"instrument_id": "hc1805", "date_time": "20180413 14:09:02", "high": 3837.0, "low": 3829.0, "close": 3832.0, "open": 3833.0}
{"instrument_id": "hc1805", "date_time": "20180413 14:22:00", "high": 3839.0, "low": 3830.0, "close": 3833.0, "open": 3832.0}
{"instrument_id": "hc1805", "date_time": "20180413 14:35:01", "high": 3833.0, "low": 3821.0, "close": 3829.0, "open": 3833.0}
{"instrument_id": "hc1805", "date_time": "20180413 14:48:00", "high": 3840.000000000001, "low": 3828.0, "close": 3840.000000000001, "open": 3829.0}
