{"instrument_id": "hc1805", "date_time": "20180329 15:18:28", "high": 3631.0, "low": 3631.0, "close": 3631.0, "open": 3631.0}
{"instrument_id": "hc1805", "date_time": "20180330 18:11:40", "high": 3631.0, "low": 3631.0, "close": 3631.0, "open": 3631.0}
{"instrument_id": "hc1805", "date_time": "20180330 18:36:46", "high": 3631.0, "low": 3631.0, "close": 3631.0, "open": 3631.0}
{"instrument_id": "hc1805", "date_time": "20180330 19:43:19", "high": 3631.0, "low": 3631.0, "close": 3631.0, "open": 3631.0}
{"instrument_id": "hc1805", "date_time": "20180330 20:59:00", "high": 3633.0, "low": 3633.0, "close": 3633.0, "open": 3633.0}
{"instrument_id": "hc1805", "date_time": "20180330 20:59:00", "high": 3633.0, "low": 3633.0, "close": 3633.0, "open": 3633.0}
{"instrument_id": "hc1805", "date_time": "20180330 21:00:00", "high": 3644.0, "low": 3626.0, "close": 3632.0, "open": 3635.0}
{"instrument_id": "hc1805", "date_time": "20180330 21:00:00", "high": 3644.0, "low": 3626.0, "close": 3632.0, "open": 3635.0}
{"instrument_id": "hc1805", "date_time": "20180330 21:03:00", "high": 3642.0, "low": 3630.0, "close": 3635.0, "open": 3635.0}
{"instrument_id": "hc1805", "date_time": "20180330 21:03:00", "high": 3642.0, "low": 3630.0, "close": 3635.0, "open": 3635.0}
{"instrument_id": "hc1805", "date_time": "20180330 21:06:00", "high": 3638.0000000000005, "low": 3632.0, "close": 3633.0000000000005, "open": 3636.0}
{"instrument_id": "hc1805", "date_time": "20180330 21:06:00", "high": 3638.0, "low": 3632.0, "close": 3633.0, "open": 3636.0}
{"instrument_id": "hc1805", "date_time": "20180330 21:09:00", "high": 3641.0, "low": 3632.0, "close": 3635.0, "open": 3633.0000000000005}
{"instrument_id": "hc1805", "date_time": "20180330 21:09:00", "high": 3641.0, "low": 3632.0, "close": 3635.0, "open": 3633.0}
{"instrument_id": "hc1805", "date_time": "20180330 21:12:00", "high": 3656.0, "low": 3633.0, "close": 3653.0, "open": 3635.0}
{"instrument_id": "hc1805", "date_time": "20180330 21:15:00", "high": 3658.0, "low": 3651.0, "close": 3652.0, "open": 3654.0000000000005}
{"instrument_id": "hc1805", "date_time": "20180330 21:18:00", "high": 3656.0, "low": 3651.0, "close": 3651.0, "open": 3654.0}
{"instrument_id": "hc1805", "date_time": "20180330 21:21:00", "high": 3653.0000000000005, "low": 3645.0000000000005, "close": 3651.0, "open": 3651.0}
{"instrument_id": "hc1805", "date_time": "20180330 21:24:00", "high": 3652.0000000000005, "low": 3645.0000000000005, "close": 3645.0000000000005, "open": 3651.0}
{"instrument_id": "hc1805", "date_time": "20180330 21:27:00", "high": 3651.0, "low": 3645.0, "close": 3648.0, "open": 3645.0000000000005}
{"instrument_id": "hc1805", "date_time": "20180330 21:30:00", "high": 3651.0000000000005, "low": 3646.0, "close": 3650.0, "open": 3648.0}
{"instrument_id": "hc1805", "date_time": "20180330 21:33:00", "high": 3651.0000000000005, "low": 3645.0, "close": 3646.0, "open": 3650.0}
{"instrument_id": "hc1805", "date_time": "20180330 21:36:00", "high": 3649.0, "low": 3646.0, "close": 3646.0, "open": 3646.0}
{"instrument_id": "hc1805", "date_time": "20180330 21:39:00", "high": 3649.0, "low": 3642.0, "close": 3643.0, "open": 3646.0}
{"instrument_id": "hc1805", "date_time": "20180330 21:42:00", "high": 3648.0000000000005, "low": 3642.0, "close": 3645.0000000000005, "open": 3643.0}
{"instrument_id": "hc1805", "date_time": "20180330 21:45:00", "high": 3648.0000000000005, "low": 3644.0, "close": 3644.0, "open": 3645.0000000000005}
{"instrument_id": "hc1805", "date_time": "20180330 21:48:00", "high": 3648.0, "low": 3644.0, "close": 3645.0, "open": 3645.0}
{"instrument_id": "hc1805", "date_time": "20180330 21:51:00", "high": 3646.0, "low": 3642.0, "close": 3644.0, "open": 3645.0}
{"instrument_id": "hc1805", "date_time": "20180330 21:54:00", "high": 3646.0, "low": 3639.0, "close": 3642.0, "open": 3644.0}
{"instrument_id": "hc1805", "date_time": "20180330 21:57:00", "high": 3644.0, "low": 3639.0, "close": 3641.0, "open": 3643.0}
{"instrument_id": "hc1805", "date_time": "20180330 22:00:00", "high": 3641.0, "low": 3633.0, "close": 3637.0, "open": 3641.0}
{"instrument_id": "hc1805", "date_time": "20180330 22:03:00", "high": 3640.0, "low": 3634.0, "close": 3639.0, "open": 3637.0}
{"instrument_id": "hc1805", "date_time": "20180330 22:06:00", "high": 3641.0, "low": 3638.0, "close": 3639.0, "open": 3639.0}
{"instrument_id": "hc1805", "date_time": "20180330 22:09:00", "high": 3640.0000000000005, "low": 3636.0, "close": 3636.0, "open": 3639.0}
{"instrument_id": "hc1805", "date_time": "20180330 22:12:00", "high": 3641.0, "low": 3636.0, "close": 3640.0, "open": 3636.0}
{"instrument_id": "hc1805", "date_time": "20180330 22:15:00", "high": 3641.0, "low": 3639.0, "close": 3639.0, "open": 3640.0}
{"instrument_id": "hc1805", "date_time": "20180330 22:18:02", "high": 3643.0, "low": 3637.0, "close": 3643.0, "open": 3639.0}
{"instrument_id": "hc1805", "date_time": "20180330 22:21:00", "high": 3643.0, "low": 3639.0, "close": 3640.0, "open": 3643.0}
{"instrument_id": "hc1805", "date_time": "20180330 22:24:00", "high": 3642.0000000000005, "low": 3639.0, "close": 3641.0000000000005, "open": 3640.0}
{"instrument_id": "hc1805", "date_time": "20180330 22:27:00", "high": 3643.0, "low": 3640.0, "close": 3642.0, "open": 3641.0000000000005}
{"instrument_id": "hc1805", "date_time": "20180330 22:30:00", "high": 3642.0, "low": 3636.0, "close": 3636.0, "open": 3642.0}
{"instrument_id": "hc1805", "date_time": "20180330 22:33:00", "high": 3637.0, "low": 3631.0, "close": 3632.0, "open": 3636.0}
{"instrument_id": "hc1805", "date_time": "20180330 22:36:00", "high": 3638.0, "low": 3632.0, "close": 3636.0, "open": 3633.0}
{"instrument_id": "hc1805", "date_time": "20180330 22:39:02", "high": 3638.0, "low": 3635.0, "close": 3637.0000000000005, "open": 3636.0}
{"instrument_id": "hc1805", "date_time": "20180330 22:42:00", "high": 3640.0, "low": 3635.0, "close": 3636.0, "open": 3637.0000000000005}
{"instrument_id": "hc1805", "date_time": "20180330 22:45:00", "high": 3639.0, "low": 3635.0, "close": 3639.0, "open": 3636.0}
{"instrument_id": "hc1805", "date_time": "20180330 22:48:00", "high": 3645.0000000000005, "low": 3638.0000000000005, "close": 3641.0, "open": 3639.0}
{"instrument_id": "hc1805", "date_time": "20180330 22:51:00", "high": 3648.0000000000005, "low": 3640.0, "close": 3648.0000000000005, "open": 3642.0}
{"instrument_id": "hc1805", "date_time": "20180330 22:54:00", "high": 3650.0, "low": 3645.0, "close": 3645.0000000000005, "open": 3648.0000000000005}
{"instrument_id": "hc1805", "date_time": "20180330 22:57:00", "high": 3650.0, "low": 3644.0, "close": 3648.0, "open": 3645.0000000000005}
{"instrument_id": "hc1805", "date_time": "20180330 09:15:11", "high": 3629.0000000000005, "low": 3623.0, "close": 3625.0000000000005, "open": 3628.0}
{"instrument_id": "hc1805", "date_time": "20180330 09:18:00", "high": 3631.0, "low": 3623.0, "close": 3625.0, "open": 3625.0000000000005}
{"instrument_id": "hc1805", "date_time": "20180330 09:21:00", "high": 3628.0, "low": 3621.0, "close": 3625.0, "open": 3625.0}
{"instrument_id": "hc1805", "date_time": "20180330 09:24:00", "high": 3625.0, "low": 3620.0, "close": 3621.0, "open": 3624.0000000000005}
{"instrument_id": "hc1805", "date_time": "20180330 09:27:00", "high": 3625.0, "low": 3621.0, "close": 3622.0, "open": 3621.0}
{"instrument_id": "hc1805", "date_time": "20180330 09:30:00", "high": 3628.0, "low": 3620.0, "close": 3626.0, "open": 3622.0}
{"instrument_id": "hc1805", "date_time": "20180330 09:33:00", "high": 3629.0, "low": 3624.0, "close": 3629.0, "open": 3626.0}
{"instrument_id": "hc1805", "date_time": "20180330 09:36:00", "high": 3629.0, "low": 3615.0, "close": 3617.0000000000005, "open": 3629.0}
{"instrument_id": "hc1805", "date_time": "20180330 09:39:00", "high": 3618.0, "low": 3613.0, "close": 3615.0, "open": 3617.0000000000005}
{"instrument_id": "hc1805", "date_time": "20180330 09:42:00", "high": 3620.0000000000005, "low": 3612.0, "close": 3620.0000000000005,