{"instrument_id": "hc1810", "date_time": "20180509 09:04:41", "high": 3698.0, "low": 3691.0, "close": 3693.0, "open": 3692.0}
{"instrument_id": "hc1810", "date_time": "20180509 09:10:00", "high": 3705.0, "low": 3688.0, "close": 3699.0, "open": 3693.0}
{"instrument_id": "hc1810", "date_time": "20180509 09:23:00", "high": 3701.0, "low": 3695.0, "close": 3697.000000000001, "open": 3699.0}
{"instrument_id": "hc1810", "date_time": "20180509 09:36:00", "high": 3697.000000000001, "low": 3685.0, "close": 3686.0, "open": 3697.000000000001}
{"instrument_id": "hc1810", "date_time": "20180509 09:49:00", "high": 3693.000000000001, "low": 3681.0, "close": 3687.0, "open": 3686.0}
{"instrument_id": "hc1810", "date_time": "20180509 10:02:00", "high": 3690.000000000001, "low": 3675.0, "close": 3690.0, "open": 3688.0}
{"instrument_id": "hc1810", "date_time": "20180509 10:15:00", "high": 3689.0, "low": 3689.0, "close": 3689.0, "open": 3689.0}
{"instrument_id": "hc1810", "date_time": "20180509 10:30:00", "high": 3692.000000000001, "low": 3684.0, "close": 3691.0, "open": 3688.0}
{"instrument_id": "hc1810", "date_time": "20180509 10:41:00", "high": 3694.000000000001, "low": 3686.0, "close": 3688.0, "open": 3692.0}
{"instrument_id": "hc1810", "date_time": "20180509 10:54:00", "high": 3692.0, "low": 3685.0, "close": 3686.0, "open": 3688.0}
{"instrument_id": "hc1810", "date_time": "20180509 11:07:00", "high": 3691.0, "low": 3681.0, "close": 3686.0, "open": 3686.0}
{"instrument_id": "hc1810", "date_time": "20180509 11:20:00", "high": 3695.0000000000005, "low": 3684.0, "close": 3692.0, "open": 3687.0}
{"instrument_id": "hc1810", "date_time": "20180509 13:30:00", "high": 3692.0, "low": 3675.0, "close": 3684.0, "open": 3692.0}
{"instrument_id": "hc1810", "date_time": "20180509 13:43:00", "high": 3686.0, "low": 3678.0, "close": 3681.0, "open": 3684.0}
{"instrument_id": "hc1810", "date_time": "20180509 13:56:00", "high": 3685.000000000001, "low": 3675.0, "close": 3676.0, "open": 3681.0}
{"instrument_id": "hc1810", "date_time": "20180509 14:09:00", "high": 3680.0, "low": 3670.0, "close": 3674.0, "open": 3675.0}
{"instrument_id": "hc1810", "date_time": "20180509 14:22:00", "high": 3680.0, "low": 3668.0, "close": 3672.0, "open": 3674.0}
{"instrument_id": "hc1810", "date_time": "20180509 14:35:00", "high": 3673.0000000000005, "low": 3666.0, "close": 3670.0, "open": 3672.0}
{"instrument_id": "hc1810", "date_time": "20180509 14:48:00", "high": 3678.0, "low": 3666.0, "close": 3676.0, "open": 3670.0}
