{"instrument_id": "hc1810", "date_time": "20180413 15:18:10", "high": 3549.0, "low": 3549.0, "close": 3549.0, "open": 3549.0}
{"instrument_id": "hc1810", "date_time": "20180416 18:33:13", "high": 3549.0, "low": 3549.0, "close": 3549.0, "open": 3549.0}
{"instrument_id": "hc1810", "date_time": "20180416 20:59:00", "high": 3545.0, "low": 3545.0, "close": 3545.0, "open": 3545.0}
{"instrument_id": "hc1810", "date_time": "20180416 21:00:00", "high": 3555.0, "low": 3546.0, "close": 3550.0, "open": 3550.0}
{"instrument_id": "hc1810", "date_time": "20180416 21:01:00", "high": 3551.0000000000005, "low": 3543.0, "close": 3550.0, "open": 3550.0}
{"instrument_id": "hc1810", "date_time": "20180416 21:02:00", "high": 3552.0000000000005, "low": 3549.0, "close": 3551.0, "open": 3550.0}
{"instrument_id": "hc1810", "date_time": "20180416 21:03:00", "high": 3552.0000000000005, "low": 3548.0, "close": 3551.0, "open": 3552.0000000000005}
{"instrument_id": "hc1810", "date_time": "20180416 21:04:00", "high": 3551.0000000000005, "low": 3547.0, "close": 3550.0, "open": 3551.0}
{"instrument_id": "hc1810", "date_time": "20180416 21:05:00", "high": 3551.0000000000005, "low": 3549.0, "close": 3549.0, "open": 3550.0}
{"instrument_id": "hc1810", "date_time": "20180416 21:06:00", "high": 3552.0, "low": 3549.0, "close": 3552.0, "open": 3550.0}
{"instrument_id": "hc1810", "date_time": "20180416 21:07:00", "high": 3562.0000000000005, "low": 3552.0, "close": 3558.0, "open": 3552.0}
{"instrument_id": "hc1810", "date_time": "20180416 21:08:00", "high": 3562.0, "low": 3555.0, "close": 3560.0, "open": 3558.0}
{"instrument_id": "hc1810", "date_time": "20180416 21:09:00", "high": 3561.0, "low": 3554.0, "close": 3557.0, "open": 3559.0}
{"instrument_id": "hc1810", "date_time": "20180416 21:10:00", "high": 3557.0, "low": 3546.0, "close": 3547.0, "open": 3557.0}
{"instrument_id": "hc1810", "date_time": "20180416 21:11:00", "high": 3551.0, "low": 3547.0, "close": 3547.0, "open": 3548.0}
{"instrument_id": "hc1810", "date_time": "20180416 21:12:00", "high": 3550.0, "low": 3545.0, "close": 3546.0, "open": 3548.0}
{"instrument_id": "hc1810", "date_time": "20180416 21:13:00", "high": 3548.0, "low": 3540.0, "close": 3541.0000000000005, "open": 3545.0}
{"instrument_id": "hc1810", "date_time": "20180416 21:14:00", "high": 3548.0, "low": 3542.0, "close": 3545.0, "open": 3542.0}
{"instrument_id": "hc1810", "date_time": "20180416 21:15:00", "high": 3546.0, "low": 3543.0, "close": 3545.0000000000005, "open": 3545.0}
{"instrument_id": "hc1810", "date_time": "20180416 21:16:00", "high": 3545.0000000000005, "low": 3544.0, "close": 3544.0, "open": 3545.0000000000005}
{"instrument_id": "hc1810", "date_time": "20180416 21:17:00", "high": 3546.0, "low": 3543.0, "close": 3545.0, "open": 3544.0}
{"instrument_id": "hc1810", "date_time": "20180416 21:18:00", "high": 3545.0, "low": 3538.0, "close": 3540.0, "open": 3545.0}
{"instrument_id": "hc1810", "date_time": "20180416 21:19:00", "high": 3543.0000000000005, "low": 3540.0, "close": 3540.0, "open": 3540.0}
{"instrument_id": "hc1810", "date_time": "20180416 21:20:00", "high": 3543.0, "low": 3540.0, "close": 3543.0, "open": 3540.0}
{"instrument_id": "hc1810", "date_time": "20180416 21:21:00", "high": 3544.0, "low": 3541.0, "close": 3543.0, "open": 3543.0}
{"instrument_id": "hc1810", "date_time": "20180416 21:22:00", "high": 3545.0, "low": 3541.0000000000005, "close": 3541.0000000000005, "open": 3544.0}
{"instrument_id": "hc1810", "date_time": "20180416 21:23:00", "high": 3544.0, "low": 3542.0, "close": 3543.0, "open": 3542.0}
{"instrument_id": "hc1810", "date_time": "20180416 21:24:00", "high": 3543.0, "low": 3540.0, "close": 3541.0, "open": 3543.0}
{"instrument_id": "hc1810", "date_time": "20180416 21:25:00", "high": 3544.0000000000005, "low": 3541.0, "close": 3544.0, "open": 3541.0}
{"instrument_id": "hc1810", "date_time": "20180416 21:26:00", "high": 3547.0000000000005, "low": 3543.0, "close": 3547.0, "open": 3543.0}
{"instrument_id": "hc1810", "date_time": "20180416 21:27:00", "high": 3547.0, "low": 3544.0, "close": 3545.0, "open": 3547.0}
{"instrument_id": "hc1810", "date_time": "20180416 21:28:00", "high": 3545.0000000000005, "low": 3544.0, "close": 3544.0, "open": 3545.0}
{"instrument_id": "hc1810", "date_time": "20180416 21:29:00", "high": 3545.0, "low": 3544.0, "close": 3544.0, "open": 3544.0}
{"instrument_id": "hc1810", "date_time": "20180416 21:30:00", "high": 3545.0, "low": 3543.0, "close": 3545.0, "open": 3544.0}
{"instrument_id": "hc1810", "date_time": "20180416 21:31:00", "high": 3545.0, "low": 3542.0, "close": 3543.0, "open": 3545.0}
{"instrument_id": "hc1810", "date_time": "20180416 21:32:00", "high": 3546.0, "low": 3541.0, "close": 3545.0, "open": 3543.0}
{"instrument_id": "hc1810", "date_time": "20180416 21:33:00", "high": 3546.0000000000005, "low": 3544.0, "close": 3545.0, "open": 3545.0}
{"instrument_id": "hc1810", "date_time": "20180416 21:34:00", "high": 3545.0, "low": 3544.0, "close": 3545.0, "open": 3545.0}
{"instrument_id": "hc1810", "date_time": "20180416 21:35:00", "high": 3545.0, "low": 3543.0, "close": 3544.0, "open": 3545.0}
{"instrument_id": "hc1810", "date_time": "20180416 21:36:01", "high": 3545.0, "low": 3544.0, "close": 3545.0, "open": 3544.0}
{"instrument_id": "hc1810", "date_time": "20180416 21:37:00", "high": 3545.0, "low": 3542.0, "close": 3542.0, "open": 3545.0}
{"instrument_id": "hc1810", "date_time": "20180416 21:38:00", "high": 3543.0, "low": 3542.0, "close": 3543.0, "open": 3542.0}
{"instrument_id": "hc1810", "date_time": "20180416 21:39:01", "high": 3545.0, "low": 3542.0, "close": 3544.0, "open": 3542.0}
{"instrument_id": "hc1810", "date_time": "20180416 21:40:00", "high": 3545.0, "low": 3544.0, "close": 3544.0, "open": 3544.0}
{"instrument_id": "hc1810", "date_time": "20180416 21:41:00", "high": 3545.0000000000005, "low": 3544.0, "close": 3544.0, "open": 3544.0}
{"instrument_id": "hc1810", "date_time": "20180416 21:42:00", "high": 3544.0, "low": 3543.0, "close": 3544.0, "open": 3544.0}
{"instrument_id": "hc1810", "date_time": "20180416 21:43:00", "high": 3544.0, "low": 3542.0, "close": 3542.0, "open": 3544.0}
{"instrument_id": "hc1810", "date_time": "20180416 21:44:00", "high": 3543.0, "low": 3542.0, "close": 3543.0, "open": 3542.0}
{"instrument_id": "hc1810", "date_time": "20180416 21:45:00", "high": 3543.0, "low": 3542.0000000000005, "close": 3543.0, "open": 3543.0}
{"instrument_id": "hc1810", "date_time": "20180416 21:46:00", "high": 3543.0000000000005, "low": 3540.0, "close": 3542.0, "open": 3543.0}
{"instrument_id": "hc1810", "date_time": "20180416 21:47:00", "high": 3542.0, "low": 3540.0, "close": 3540.0, "open": 3542.0}
{"instrument_id": "hc1810", "date_time": "20180416 21:48:00", "high": 3541.0000000000005, "low": 3539.0, "close": 3541.0, "open": 3540.0}
{"instrument_id": "hc1810", "date_time": "20180416 21:49:00", "high": 3543.0, "low": 3541.0, "close": 3543.0, "open": 3541.0}
{"instrument_id": "hc1810", "date_time": "20180416 21:50:00", "high": 3543.0, "low": 3541.0, "close": 3541.0, "open": 3542.0}
{"instrument_id": "hc1810", "date_time": "20180416 21:51:00", "high": 3542.0, "low": 3540.0, "close": 3542.0, "open": 3541.0}
{"instrument_id": "hc1810", "date_time": "20180416 21:52:00", "high": 3544.0, "low": 3542.0, "close": 3543.0, "open": 3543.0}
{"instrument_id": "hc1810", "date_time": "20180416 21:53:00", "high": 3543.0, "low": 3542.0, "close": 3543.0, "open": 3543.0}
{"instrument_id": "hc1810", "date_time": "20180416 21:54:00", "high": 3543.0000000000005, "low": 3542.0, "close": 3543.0000000000005, "open": 3543.0}
{"instrument_id": "hc1810", "date_time": "20180416 21:55:00", "high": 3548.0, "low": 3543.0, "close": 3545.0, "open": 3543.0000000000005}
{"instrument_id": "hc1810", "date_time": "20180416 21:56:00", "high": 3546.0, "low": 3543.0, "close": 3545.0, "open": 3545.0}
{"instrument_id": "hc1810", "date_time": "20180416 21:57:00", "high": 3545.0, "low": 3543.0, "close": 3544.0,