{"instrument_id": "hc1805", "date_time": "20180329 15:00:00", "high": 3631.0, "low": 3631.0, "close": 3631.0, "open": 3631.0}
{"instrument_id": "hc1805", "date_time": "20180330 18:11:40", "high": 3631.0, "low": 3631.0, "close": 3631.0, "open": 3631.0}
{"instrument_id": "hc1805", "date_time": "20180330 18:36:46", "high": 3631.0, "low": 3631.0, "close": 3631.0, "open": 3631.0}
{"instrument_id": "hc1805", "date_time": "20180330 19:43:19", "high": 3631.0, "low": 3631.0, "close": 3631.0, "open": 3631.0}
{"instrument_id": "hc1805", "date_time": "20180330 20:59:00", "high": 3633.0, "low": 3633.0, "close": 3633.0, "open": 3633.0}
{"instrument_id": "hc1805", "date_time": "20180330 20:59:00", "high": 3633.0, "low": 3633.0, "close": 3633.0, "open": 3633.0}
{"instrument_id": "hc1805", "date_time": "20180330 21:00:00", "high": 3658.0, "low": 3626.0, "close": 3641.0, "open": 3635.0}
{"instrument_id": "hc1805", "date_time": "20180330 22:00:00", "high": 3650.0, "low": 3631.0, "close": 3648.0, "open": 3641.0}
{"instrument_id": "hc1805", "date_time": "20180330 09:15:11", "high": 3631.0, "low": 3612.0, "close": 3620.0000000000005, "open": 3628.0}
{"instrument_id": "hc1805", "date_time": "20180330 10:00:00", "high": 3633.0, "low": 3612.0, "close": 3630.0, "open": 3620.0000000000005}
{"instrument_id": "hc1805", "date_time": "20180330 11:00:00", "high": 3649.0, "low": 3625.0, "close": 3644.0, "open": 3630.0}
{"instrument_id": "hc1805", "date_time": "20180330 13:30:00", "high": 3708.000000000001, "low": 3651.0, "close": 3701.0, "open": 3651.0}
{"instrument_id": "hc1805", "date_time": "20180330 14:00:00", "high": 3728.000000000001, "low": 3691.0, "close": 3726.0, "open": 3700.0}
