{"instrument_id": "hc1810", "date_time": "20180410 15:00:00", "high": 3531.0, "low": 3531.0, "close": 3531.0, "open": 3531.0}
{"instrument_id": "hc1810", "date_time": "20180411 18:35:44", "high": 3531.0, "low": 3531.0, "close": 3531.0, "open": 3531.0}
{"instrument_id": "hc1810", "date_time": "20180411 20:59:00", "high": 3540.0, "low": 3540.0, "close": 3540.0, "open": 3540.0}
{"instrument_id": "hc1810", "date_time": "20180411 21:00:00", "high": 3550.0000000000005, "low": 3528.0, "close": 3541.0, "open": 3539.0000000000005}
{"instrument_id": "hc1810", "date_time": "20180411 22:00:00", "high": 3549.0, "low": 3533.0, "close": 3542.0, "open": 3541.0}
{"instrument_id": "hc1810", "date_time": "20180411 23:00:00", "high": 3542.0, "low": 3542.0, "close": 3542.0, "open": 3542.0}
{"instrument_id": "hc1810", "date_time": "20180411 21:00:00", "high": 3550.0000000000005, "low": 3528.0, "close": 3539.0, "open": 3539.0000000000005}
{"instrument_id": "hc1810", "date_time": "20180411 22:00:00", "high": 3549.0, "low": 3533.0, "close": 3536.0000000000005, "open": 3541.0}
{"instrument_id": "hc1810", "date_time": "20180411 23:00:00", "high": 3542.0, "low": 3542.0, "close": 3542.0, "open": 3542.0}
{"instrument_id": "hc1810", "date_time": "20180411 22:00:00", "high": 3549.0, "low": 3533.0, "close": 3542.0, "open": 3541.0}
{"instrument_id": "hc1810", "date_time": "20180411 23:00:00", "high": 3542.0, "low": 3542.0, "close": 3542.0, "open": 3542.0}
{"instrument_id": "hc1810", "date_time": "20180411 09:00:00", "high": 3554.0, "low": 3486.0, "close": 3492.0, "open": 3543.0}
{"instrument_id": "hc1810", "date_time": "20180411 10:00:00", "high": 3502.0000000000005, "low": 3478.0, "close": 3481.0, "open": 3492.0}
{"instrument_id": "hc1810", "date_time": "20180411 11:00:00", "high": 3491.0, "low": 3471.0, "close": 3474.0, "open": 3482.0}
{"instrument_id": "hc1810", "date_time": "20180411 13:30:00", "high": 3480.0, "low": 3466.0, "close": 3471.0, "open": 3474.0}
{"instrument_id": "hc1810", "date_time": "20180411 14:00:00", "high": 3492.0, "low": 3468.0, "close": 3481.0, "open": 3472.0000000000005}
