{"instrument_id": "hc1805", "date_time": "20180413 15:18:10", "high": 3840.000000000001, "low": 3840.000000000001, "close": 3840.000000000001, "open": 3840.000000000001}
{"instrument_id": "hc1805", "date_time": "20180416 18:33:13", "high": 3840.0, "low": 3840.0, "close": 3840.0, "open": 3840.0}
{"instrument_id": "hc1805", "date_time": "20180416 20:59:00", "high": 3840.0, "low": 3840.0, "close": 3840.0, "open": 3840.0}
{"instrument_id": "hc1805", "date_time": "20180416 21:00:00", "high": 3853.0, "low": 3836.0, "close": 3841.000000000001, "open": 3840.0}
{"instrument_id": "hc1805", "date_time": "20180416 21:15:00", "high": 3841.000000000001, "low": 3834.000000000001, "close": 3838.0, "open": 3841.000000000001}
{"instrument_id": "hc1805", "date_time": "20180416 21:30:01", "high": 3840.0, "low": 3833.0, "close": 3835.0, "open": 3838.0}
{"instrument_id": "hc1805", "date_time": "20180416 21:45:01", "high": 3839.0, "low": 3832.000000000001, "close": 3834.0, "open": 3835.0}
{"instrument_id": "hc1805", "date_time": "20180416 22:00:00", "high": 3840.0, "low": 3834.0, "close": 3838.0, "open": 3834.0}
{"instrument_id": "hc1805", "date_time": "20180416 22:15:02", "high": 3843.0, "low": 3832.000000000001, "close": 3835.0, "open": 3838.0}
{"instrument_id": "hc1805", "date_time": "20180416 22:30:01", "high": 3838.0, "low": 3832.000000000001, "close": 3837.0, "open": 3835.0}
{"instrument_id": "hc1805", "date_time": "20180416 22:45:02", "high": 3838.000000000001, "low": 3832.0, "close": 3833.0, "open": 3837.0}
