{"instrument_id": "hc1805", "date_time": "20180409 15:18:25", "high": 3782.0, "low": 3782.0, "close": 3782.0, "open": 3782.0}
{"instrument_id": "hc1805", "date_time": "20180410 18:32:37", "high": 3782.0, "low": 3782.0, "close": 3782.0, "open": 3782.0}
{"instrument_id": "hc1805", "date_time": "20180410 20:59:00", "high": 3780.0, "low": 3780.0, "close": 3780.0, "open": 3780.0}
{"instrument_id": "hc1805", "date_time": "20180410 21:00:00", "high": 3790.0, "low": 3776.000000000001, "close": 3778.0, "open": 3790.0}
{"instrument_id": "hc1805", "date_time": "20180410 21:03:00", "high": 3779.0, "low": 3763.0, "close": 3764.0, "open": 3778.0}
{"instrument_id": "hc1805", "date_time": "20180410 21:06:00", "high": 3767.0, "low": 3763.0, "close": 3764.0, "open": 3764.0}
{"instrument_id": "hc1805", "date_time": "20180410 21:09:00", "high": 3765.000000000001, "low": 3758.0, "close": 3763.0, "open": 3764.0}
{"instrument_id": "hc1805", "date_time": "20180410 21:12:00", "high": 3771.000000000001, "low": 3762.000000000001, "close": 3768.0, "open": 3763.0}
{"instrument_id": "hc1805", "date_time": "20180410 21:15:00", "high": 3771.000000000001, "low": 3765.0, "close": 3768.000000000001, "open": 3768.0}
{"instrument_id": "hc1805", "date_time": "20180410 21:18:00", "high": 3770.0, "low": 3766.0, "close": 3770.0, "open": 3768.000000000001}
{"instrument_id": "hc1805", "date_time": "20180410 21:21:00", "high": 3775.0, "low": 3767.0, "close": 3770.0, "open": 3770.0}
{"instrument_id": "hc1805", "date_time": "20180410 21:24:00", "high": 3771.0, "low": 3764.0, "close": 3769.0, "open": 3769.0}
{"instrument_id": "hc1805", "date_time": "20180410 21:27:00", "high": 3769.0, "low": 3760.0, "close": 3762.000000000001, "open": 3769.0}
{"instrument_id": "hc1805", "date_time": "20180410 21:30:00", "high": 3763.0, "low": 3759.0, "close": 3760.0, "open": 3762.000000000001}
{"instrument_id": "hc1805", "date_time": "20180410 21:33:00", "high": 3764.0, "low": 3760.0, "close": 3764.0, "open": 3760.0}
{"instrument_id": "hc1805", "date_time": "20180410 21:36:00", "high": 3768.0, "low": 3763.0, "close": 3765.0, "open": 3764.0}
{"instrument_id": "hc1805", "date_time": "20180410 21:39:00", "high": 3768.0, "low": 3764.0, "close": 3766.0, "open": 3765.0}
{"instrument_id": "hc1805", "date_time": "20180410 21:42:01", "high": 3769.0, "low": 3766.0, "close": 3767.0, "open": 3766.0}
{"instrument_id": "hc1805", "date_time": "20180410 21:45:00", "high": 3768.0, "low": 3764.0, "close": 3765.0, "open": 3767.0}
{"instrument_id": "hc1805", "date_time": "20180410 21:48:00", "high": 3768.0, "low": 3763.0, "close": 3764.0, "open": 3765.0}
{"instrument_id": "hc1805", "date_time": "20180410 21:51:00", "high": 3770.000000000001, "low": 3763.0, "close": 3768.0, "open": 3764.0}
{"instrument_id": "hc1805", "date_time": "20180410 21:54:00", "high": 3771.000000000001, "low": 3766.0, "close": 3767.0, "open": 3768.0}
{"instrument_id": "hc1805", "date_time": "20180410 21:57:00", "high": 3769.0, "low": 3766.0, "close": 3767.0, "open": 3767.0}
{"instrument_id": "hc1805", "date_time": "20180410 22:00:00", "high": 3771.0, "low": 3766.0, "close": 3771.0, "open": 3767.0}
{"instrument_id": "hc1805", "date_time": "20180410 22:03:00", "high": 3771.0, "low": 3769.0, "close": 3770.0, "open": 3771.0}
{"instrument_id": "hc1805", "date_time": "20180410 22:06:01", "high": 3770.0, "low": 3766.0, "close": 3768.0, "open": 3770.0}
{"instrument_id": "hc1805", "date_time": "20180410 22:09:00", "high": 3772.0, "low": 3767.0, "close": 3769.0, "open": 3768.0}
{"instrument_id": "hc1805", "date_time": "20180410 22:12:00", "high": 3771.000000000001, "low": 3769.0, "close": 3770.0, "open": 3769.0}
{"instrument_id": "hc1805", "date_time": "20180410 22:15:00", "high": 3771.000000000001, "low": 3769.0, "close": 3770.0, "open": 3770.0}
{"instrument_id": "hc1805", "date_time": "20180410 22:18:00", "high": 3770.0, "low": 3765.0, "close": 3766.0, "open": 3770.0}
{"instrument_id": "hc1805", "date_time": "20180410 22:21:00", "high": 3769.0, "low": 3765.0, "close": 3768.0, "open": 3766.0}
{"instrument_id": "hc1805", "date_time": "20180410 22:24:01", "high": 3775.0, "low": 3766.0, "close": 3770.0, "open": 3768.0}
{"instrument_id": "hc1805", "date_time": "20180410 22:27:00", "high": 3772.000000000001, "low": 3768.0, "close": 3771.0, "open": 3770.0}
{"instrument_id": "hc1805", "date_time": "20180410 22:30:00", "high": 3774.0, "low": 3771.0, "close": 3774.0, "open": 3772.0}
{"instrument_id": "hc1805", "date_time": "20180410 22:33:00", "high": 3779.0, "low": 3772.0, "close": 3776.000000000001, "open": 3774.0}
{"instrument_id": "hc1805", "date_time": "20180410 22:36:00", "high": 3777.0, "low": 3773.0, "close": 3775.0, "open": 3776.000000000001}
{"instrument_id": "hc1805", "date_time": "20180410 22:39:00", "high": 3778.000000000001, "low": 3774.0, "close": 3777.0, "open": 3775.0}
{"instrument_id": "hc1805", "date_time": "20180410 22:42:00", "high": 3777.000000000001, "low": 3774.0, "close": 3776.0, "open": 3777.0}
{"instrument_id": "hc1805", "date_time": "20180410 22:45:00", "high": 3783.0, "low": 3776.0, "close": 3781.0, "open": 3776.0}
{"instrument_id": "hc1805", "date_time": "20180410 22:48:00", "high": 3783.0, "low": 3778.0, "close": 3779.0, "open": 3781.0}
{"instrument_id": "hc1805", "date_time": "20180410 22:51:00", "high": 3783.000000000001, "low": 3778.0, "close": 3780.0, "open": 3779.0}
{"instrument_id": "hc1805", "date_time": "20180410 22:54:00", "high": 3787.0, "low": 3780.0, "close": 3783.0, "open": 3780.0}
{"instrument_id": "hc1805", "date_time": "20180410 22:57:00", "high": 3787.0, "low": 3782.0, "close": 3785.0, "open": 3782.000000000001}
{"instrument_id": "hc1805", "date_time": "20180410 23:00:00", "high": 3787.0, "low": 3787.0, "close": 3787.0, "open": 3787.0}
{"instrument_id": "hc1805", "date_time": "20180410 21:00:00", "high": 3790.0, "low": 3776.000000000001, "close": 3778.0, "open": 3790.0}
{"instrument_id": "hc1805", "date_time": "20180410 21:03:00", "high": 3779.0, "low": 3763.0, "close": 3764.0, "open": 3778.0}
{"instrument_id": "hc1805", "date_time": "20180410 21:06:00", "high": 3767.0, "low": 3763.0, "close": 3764.0, "open": 3764.0}
{"instrument_id": "hc1805", "date_time": "20180410 21:09:00", "high": 3765.000000000001, "low": 3758.0, "close": 3763.0, "open": 3764.0}
{"instrument_id": "hc1805", "date_time": "20180410 21:12:00", "high": 3771.000000000001, "low": 3762.000000000001, "close": 3768.0, "open": 3763.0}
{"instrument_id": "hc1805", "date_time": "20180410 21:15:00", "high": 3771.000000000001, "low": 3765.0, "close": 3768.0, "open": 3768.0}
{"instrument_id": "hc1805", "date_time": "20180410 22:06:01", "high": 3770.0, "low": 3766.0, "close": 3768.0, "open": 3770.0}
{"instrument_id": "hc1805", "date_time": "20180410 22:09:00", "high": 3772.0, "low": 3767.0, "close": 3769.0, "open": 3768.0}
{"instrument_id": "hc1805", "date_time": "20180410 22:12:00", "high": 3771.000000000001, "low": 3769.0, "close": 3770.0, "open": 3769.0}
{"instrument_id": "hc1805", "date_time": "20180410 22:15:00", "high": 3771.000000000001, "low": 3769.0, "close": 3770.0, "open": 3770.0}
{"instrument_id": "hc1805", "date_time": "20180410 22:18:00", "high": 3770.0, "low": 3765.0, "close": 3766.0, "open": 3770.0}
{"instrument_id": "hc1805", "date_time": "20180410 22:21:00", "high": 3769.0, "low": 3765.0, "close": 3768.0, "open": 3766.0}
{"instrument_id": "hc1805", "date_time": "20180410 22:24:01", "high": 3775.0, "low": 3766.0, "close": 3770.0, "open": 3768.0}
{"instrument_id": "hc1805", "date_time": "20180410 22:27:00", "high": 3772.000000000001, "low": 3768.0, "close": 3771.0, "open": 3770.0}
{"instrument_id": "hc1805", "date_time": "20180410 22:30:00", "high": 3774.0, "low": 3771.0, "close": 3774.0, "open": 3772.0}
{"instrument_id": "hc1805", "date_time": "20180410 22:33:00", "high": 3779.0, "low": 3772.0, "close": 3772.000000000001, "open": 3774.0}
{"instrument_id": "hc1805", "date_time": "20180410 22:36:00", "high": 3777.0, "low": 3772.000000000001, "close": 3775.0,