{"instrument_id": "hc1810", "date_time": "20180410 15:20:11", "high": 3531.0, "low": 3531.0, "close": 3531.0, "open": 3531.0}
{"instrument_id": "hc1810", "date_time": "20180411 18:35:44", "high": 3531.0, "low": 3531.0, "close": 3531.0, "open": 3531.0}
{"instrument_id": "hc1810", "date_time": "20180411 20:59:00", "high": 3541.0, "low": 3529.0, "close": 3537.0, "open": 3540.0}
{"instrument_id": "hc1810", "date_time": "20180411 21:12:00", "high": 3541.0, "low": 3528.0, "close": 3539.0, "open": 3537.0}
{"instrument_id": "hc1810", "date_time": "20180411 21:25:00", "high": 3540.0000000000005, "low": 3533.0, "close": 3535.0, "open": 3540.0000000000005}
{"instrument_id": "hc1810", "date_time": "20180411 21:38:00", "high": 3550.0, "low": 3534.0, "close": 3549.0, "open": 3535.0}
{"instrument_id": "hc1810", "date_time": "20180411 21:51:00", "high": 3550.0000000000005, "low": 3536.0, "close": 3540.0, "open": 3549.0}
{"instrument_id": "hc1810", "date_time": "20180411 22:04:00", "high": 3548.0, "low": 3540.0, "close": 3546.0, "open": 3540.0}
{"instrument_id": "hc1810", "date_time": "20180411 22:17:00", "high": 3549.0, "low": 3541.0, "close": 3543.0, "open": 3546.0}
{"instrument_id": "hc1810", "date_time": "20180411 22:30:00", "high": 3547.0, "low": 3533.0, "close": 3536.0, "open": 3543.0}
{"instrument_id": "hc1810", "date_time": "20180411 22:43:00", "high": 3544.0000000000005, "low": 3534.0, "close": 3535.0, "open": 3536.0}
{"instrument_id": "hc1810", "date_time": "20180411 22:56:00", "high": 3548.0, "low": 3534.0, "close": 3542.0, "open": 3536.0}
{"instrument_id": "hc1810", "date_time": "20180411 21:38:00", "high": 3550.0, "low": 3534.0, "close": 3549.0, "open": 3535.0}
{"instrument_id": "hc1810", "date_time": "20180411 21:51:00", "high": 3550.0000000000005, "low": 3536.0, "close": 3539.0, "open": 3549.0}
{"instrument_id": "hc1810", "date_time": "20180411 22:17:00", "high": 3549.0, "low": 3541.0, "close": 3543.0, "open": 3546.0}
{"instrument_id": "hc1810", "date_time": "20180411 22:30:00", "high": 3547.0, "low": 3533.0, "close": 3536.0, "open": 3543.0}
{"instrument_id": "hc1810", "date_time": "20180411 22:43:00", "high": 3544.0000000000005, "low": 3534.0, "close": 3536.0000000000005, "open": 3536.0}
{"instrument_id": "hc1810", "date_time": "20180411 22:56:00", "high": 3548.0, "low": 3534.0, "close": 3542.0, "open": 3536.0}
{"instrument_id": "hc1810", "date_time": "20180411 22:43:00", "high": 3544.0000000000005, "low": 3534.0, "close": 3541.0, "open": 3536.0}
{"instrument_id": "hc1810", "date_time": "20180411 22:56:00", "high": 3548.0, "low": 3534.0, "close": 3542.0, "open": 3536.0}
{"instrument_id": "hc1810", "date_time": "20180411 09:00:00", "high": 3552.0, "low": 3536.0000000000005, "close": 3549.0, "open": 3543.0}
{"instrument_id": "hc1810", "date_time": "20180411 09:04:00", "high": 3554.0, "low": 3540.0, "close": 3542.0, "open": 3549.0}
{"instrument_id": "hc1810", "date_time": "20180411 09:17:00", "high": 3548.0000000000005, "low": 3523.0, "close": 3529.0, "open": 3542.0}
{"instrument_id": "hc1810", "date_time": "20180411 09:30:00", "high": 3530.0000000000005, "low": 3517.0, "close": 3522.0, "open": 3529.0}
{"instrument_id": "hc1810", "date_time": "20180411 09:43:00", "high": 3523.0000000000005, "low": 3488.0, "close": 3493.0, "open": 3522.0}
{"instrument_id": "hc1810", "date_time": "20180411 09:56:00", "high": 3500.0000000000005, "low": 3486.0, "close": 3499.0, "open": 3494.0}
{"instrument_id": "hc1810", "date_time": "20180411 10:09:00", "high": 3502.0, "low": 3496.0, "close": 3498.0000000000005, "open": 3499.0}
{"instrument_id": "hc1810", "date_time": "20180411 10:30:00", "high": 3502.0, "low": 3495.0, "close": 3502.0, "open": 3498.0000000000005}
{"instrument_id": "hc1810", "date_time": "20180411 10:35:00", "high": 3502.0000000000005, "low": 3494.0, "close": 3497.0, "open": 3502.0}
{"instrument_id": "hc1810", "date_time": "20180411 10:48:00", "high": 3499.0, "low": 3478.0, "close": 3487.0, "open": 3497.0}
{"instrument_id": "hc1810", "date_time": "20180411 11:01:00", "high": 3491.0, "low": 3479.0000000000005, "close": 3485.0, "open": 3487.0}
{"instrument_id": "hc1810", "date_time": "20180411 11:14:00", "high": 3488.0, "low": 3471.0, "close": 3477.0, "open": 3486.0}
{"instrument_id": "hc1810", "date_time": "20180411 11:27:00", "high": 3479.0, "low": 3473.0, "close": 3474.0, "open": 3477.0}
{"instrument_id": "hc1810", "date_time": "20180411 13:30:00", "high": 3480.0, "low": 3470.0, "close": 3476.0, "open": 3474.0}
{"instrument_id": "hc1810", "date_time": "20180411 13:37:00", "high": 3478.0000000000005, "low": 3466.0, "close": 3473.0000000000005, "open": 3476.0}
{"instrument_id": "hc1810", "date_time": "20180411 13:50:00", "high": 3476.0, "low": 3468.0, "close": 3470.0, "open": 3473.0000000000005}
{"instrument_id": "hc1810", "date_time": "20180411 14:03:00", "high": 3485.0000000000005, "low": 3469.0, "close": 3481.0000000000005, "open": 3470.0}
{"instrument_id": "hc1810", "date_time": "20180411 14:16:00", "high": 3492.0, "low": 3479.0, "close": 3484.0, "open": 3481.0000000000005}
{"instrument_id": "hc1810", "date_time": "20180411 14:29:00", "high": 3488.0, "low": 3477.0, "close": 3478.0, "open": 3484.0}
{"instrument_id": "hc1810", "date_time": "20180411 14:42:00", "high": 3483.0000000000005, "low": 3475.0, "close": 3481.0, "open": 3479.0}
{"instrument_id": "hc1810", "date_time": "20180411 14:55:00", "high": 3484.0, "low": 3476.0000000000005, "close": 3479.0, "open": 3480.0}
