{"instrument_id": "hc1805", "date_time": "20180403 15:33:07", "high": 3698.0, "low": 3698.0, "close": 3698.0, "open": 3698.0}
{"instrument_id": "hc1805", "date_time": "20180404 18:29:58", "high": 3698.0, "low": 3698.0, "close": 3698.0, "open": 3698.0}
{"instrument_id": "hc1805", "date_time": "20180404 20:59:00", "high": 3705.0, "low": 3705.0, "close": 3705.0, "open": 3705.0}
{"instrument_id": "hc1805", "date_time": "20180404 21:00:00", "high": 3723.0, "low": 3704.0, "close": 3709.0, "open": 3705.0}
{"instrument_id": "hc1805", "date_time": "20180404 21:05:00", "high": 3716.0, "low": 3707.0, "close": 3708.0, "open": 3709.0}
{"instrument_id": "hc1805", "date_time": "20180404 21:10:00", "high": 3714.0, "low": 3701.0, "close": 3705.0, "open": 3708.0}
{"instrument_id": "hc1805", "date_time": "20180404 21:15:00", "high": 3709.0, "low": 3704.0, "close": 3705.000000000001, "open": 3705.0}
{"instrument_id": "hc1805", "date_time": "20180404 21:20:00", "high": 3710.0, "low": 3704.0, "close": 3709.0, "open": 3704.0}
{"instrument_id": "hc1805", "date_time": "20180404 21:25:00", "high": 3709.0, "low": 3702.0, "close": 3703.0, "open": 3709.0}
{"instrument_id": "hc1805", "date_time": "20180404 21:30:00", "high": 3711.0, "low": 3703.0, "close": 3710.0, "open": 3703.0}
{"instrument_id": "hc1805", "date_time": "20180404 21:35:00", "high": 3715.000000000001, "low": 3709.0, "close": 3712.0, "open": 3710.0}
{"instrument_id": "hc1805", "date_time": "20180404 21:40:00", "high": 3715.000000000001, "low": 3710.0, "close": 3710.0, "open": 3712.0}
{"instrument_id": "hc1805", "date_time": "20180404 21:45:00", "high": 3715.0, "low": 3692.0, "close": 3692.0, "open": 3710.0}
{"instrument_id": "hc1805", "date_time": "20180404 21:50:00", "high": 3700.000000000001, "low": 3689.0, "close": 3697.000000000001, "open": 3692.0}
{"instrument_id": "hc1805", "date_time": "20180404 21:55:00", "high": 3700.000000000001, "low": 3694.0, "close": 3695.0, "open": 3697.000000000001}
{"instrument_id": "hc1805", "date_time": "20180404 22:00:00", "high": 3699.0, "low": 3692.000000000001, "close": 3699.0, "open": 3695.0}
{"instrument_id": "hc1805", "date_time": "20180404 22:05:00", "high": 3699.0, "low": 3693.0, "close": 3697.0, "open": 3699.0}
{"instrument_id": "hc1805", "date_time": "20180404 22:10:00", "high": 3697.000000000001, "low": 3691.0, "close": 3696.0, "open": 3697.0}
{"instrument_id": "hc1805", "date_time": "20180404 22:15:01", "high": 3702.000000000001, "low": 3693.0, "close": 3698.0, "open": 3695.0}
{"instrument_id": "hc1805", "date_time": "20180404 22:20:00", "high": 3700.0, "low": 3695.0, "close": 3698.0, "open": 3698.0}
{"instrument_id": "hc1805", "date_time": "20180404 22:25:00", "high": 3698.0, "low": 3692.0, "close": 3694.0, "open": 3698.0}
{"instrument_id": "hc1805", "date_time": "20180404 22:30:00", "high": 3698.0, "low": 3692.000000000001, "close": 3696.0, "open": 3694.0}
{"instrument_id": "hc1805", "date_time": "20180404 22:35:00", "high": 3703.000000000001, "low": 3694.0, "close": 3703.000000000001, "open": 3696.0}
{"instrument_id": "hc1805", "date_time": "20180404 22:40:00", "high": 3710.0, "low": 3702.0, "close": 3706.0, "open": 3703.000000000001}
{"instrument_id": "hc1805", "date_time": "20180404 22:45:00", "high": 3706.0, "low": 3701.0, "close": 3701.0, "open": 3705.0}
{"instrument_id": "hc1805", "date_time": "20180404 22:50:00", "high": 3707.000000000001, "low": 3701.0, "close": 3706.0, "open": 3701.0}
{"instrument_id": "hc1805", "date_time": "20180404 22:55:00", "high": 3708.0, "low": 3702.0, "close": 3702.0, "open": 3705.0}
{"instrument_id": "hc1805", "date_time": "20180404 23:00:00", "high": 3702.0, "low": 3702.0, "close": 3702.0, "open": 3702.0}
{"instrument_id": "hc1805", "date_time": "20180404 21:10:00", "high": 3714.0, "low": 3701.0, "close": 3705.0, "open": 3708.0}
{"instrument_id": "hc1805", "date_time": "20180404 21:15:00", "high": 3709.0, "low": 3704.0, "close": 3707.0, "open": 3705.0}
{"instrument_id": "hc1805", "date_time": "20180404 21:35:00", "high": 3715.000000000001, "low": 3707.0, "close": 3712.0, "open": 3710.0}
{"instrument_id": "hc1805", "date_time": "20180404 21:40:00", "high": 3715.000000000001, "low": 3710.0, "close": 3710.0, "open": 3712.0}
{"instrument_id": "hc1805", "date_time": "20180404 21:45:00", "high": 3715.0, "low": 3692.0, "close": 3692.0, "open": 3710.0}
{"instrument_id": "hc1805", "date_time": "20180404 21:50:00", "high": 3700.000000000001, "low": 3689.0, "close": 3697.000000000001, "open": 3692.0}
{"instrument_id": "hc1805", "date_time": "20180404 21:55:00", "high": 3700.000000000001, "low": 3694.0, "close": 3695.0, "open": 3697.000000000001}
{"instrument_id": "hc1805", "date_time": "20180404 22:00:00", "high": 3699.0, "low": 3692.000000000001, "close": 3699.0, "open": 3695.0}
{"instrument_id": "hc1805", "date_time": "20180404 22:05:00", "high": 3699.0, "low": 3693.0, "close": 3697.0, "open": 3699.0}
{"instrument_id": "hc1805", "date_time": "20180404 22:10:00", "high": 3697.000000000001, "low": 3691.0, "close": 3696.0, "open": 3697.0}
{"instrument_id": "hc1805", "date_time": "20180404 22:15:01", "high": 3702.000000000001, "low": 3693.0, "close": 3698.0, "open": 3695.0}
{"instrument_id": "hc1805", "date_time": "20180404 22:20:00", "high": 3700.0, "low": 3695.0, "close": 3696.0, "open": 3698.0}
{"instrument_id": "hc1805", "date_time": "20180404 23:00:00", "high": 3702.0, "low": 3702.0, "close": 3702.0, "open": 3702.0}
{"instrument_id": "hc1805", "date_time": "20180404 22:20:00", "high": 3700.0, "low": 3695.0, "close": 3698.0, "open": 3698.0}
{"instrument_id": "hc1805", "date_time": "20180404 22:25:00", "high": 3698.0, "low": 3692.0, "close": 3694.0, "open": 3698.0}
{"instrument_id": "hc1805", "date_time": "20180404 22:30:00", "high": 3698.0, "low": 3692.000000000001, "close": 3696.0, "open": 3694.0}
{"instrument_id": "hc1805", "date_time": "20180404 22:35:00", "high": 3703.000000000001, "low": 3694.0, "close": 3703.000000000001, "open": 3696.0}
{"instrument_id": "hc1805", "date_time": "20180404 22:40:00", "high": 3710.0, "low": 3702.0, "close": 3706.0, "open": 3703.000000000001}
{"instrument_id": "hc1805", "date_time": "20180404 22:45:00", "high": 3706.0, "low": 3701.0, "close": 3701.0, "open": 3705.0}
{"instrument_id": "hc1805", "date_time": "20180404 22:50:00", "high": 3707.000000000001, "low": 3701.0, "close": 3706.0, "open": 3701.0}
{"instrument_id": "hc1805", "date_time": "20180404 22:55:00", "high": 3708.0, "low": 3702.0, "close": 3702.0, "open": 3705.0}
{"instrument_id": "hc1805", "date_time": "20180404 23:00:00", "high": 3702.0, "low": 3702.0, "close": 3702.0, "open": 3702.0}
{"instrument_id": "hc1805", "date_time": "20180404 09:00:00", "high": 3704.0, "low": 3693.0, "close": 3694.0, "open": 3702.0}
{"instrument_id": "hc1805", "date_time": "20180404 09:05:00", "high": 3700.000000000001, "low": 3692.0, "close": 3698.0, "open": 3694.0}
{"instrument_id": "hc1805", "date_time": "20180404 09:10:00", "high": 3716.000000000001, "low": 3697.0, "close": 3711.0, "open": 3698.0}
{"instrument_id": "hc1805", "date_time": "20180404 09:15:00", "high": 3725.000000000001, "low": 3711.0, "close": 3716.0, "open": 3711.0}
{"instrument_id": "hc1805", "date_time": "20180404 09:20:00", "high": 3719.0, "low": 3705.0, "close": 3710.0, "open": 3716.0}
{"instrument_id": "hc1805", "date_time": "20180404 09:25:00", "high": 3715.0, "low": 3706.0, "close": 3708.0, "open": 3710.0}
{"instrument_id": "hc1805", "date_time": "20180404 09:30:00", "high": 3711.0, "low": 3706.0, "close": 3708.0, "open": 3708.0}
{"instrument_id": "hc1805", "date_time": "20180404 09:35:00", "high": 3711.0, "low": 3707.0, "close": 3711.0, "open": 3708.0}
{"instrument_id": "hc1805", "date_time": "20180404 09:40:00", "high": 3713.0, "low": 3709.0, "close": 3710.0, "open": 3711.0}
{"instrument_id": "hc1805", "date_time": "20180404 09:45:00", "high": 3717.000000000001, "low": 3709.0, "close": 3715.0, "open": 3710.0}
{"instrument_id": "hc1805", "date_time": "20180404 09:50:00", "high": 3717.0,