{"instrument_id": "hc1810", "date_time": "20180410 15:20:11", "high": 3531.0, "low": 3531.0, "close": 3531.0, "open": 3531.0}
{"instrument_id": "hc1810", "date_time": "20180411 18:35:44", "high": 3531.0, "low": 3531.0, "close": 3531.0, "open": 3531.0}
{"instrument_id": "hc1810", "date_time": "20180411 20:59:00", "high": 3540.0, "low": 3540.0, "close": 3540.0, "open": 3540.0}
{"instrument_id": "hc1810", "date_time": "20180411 21:00:00", "high": 3541.0, "low": 3529.0, "close": 3537.0000000000005, "open": 3539.0000000000005}
{"instrument_id": "hc1810", "date_time": "20180411 21:10:00", "high": 3540.0, "low": 3528.0, "close": 3537.0, "open": 3537.0000000000005}
{"instrument_id": "hc1810", "date_time": "20180411 21:20:00", "high": 3541.0, "low": 3534.0, "close": 3538.0000000000005, "open": 3537.0}
{"instrument_id": "hc1810", "date_time": "20180411 21:30:00", "high": 3540.0, "low": 3533.0, "close": 3536.0, "open": 3538.0000000000005}
{"instrument_id": "hc1810", "date_time": "20180411 21:40:00", "high": 3544.0000000000005, "low": 3535.0, "close": 3544.0, "open": 3536.0}
{"instrument_id": "hc1810", "date_time": "20180411 21:50:00", "high": 3550.0000000000005, "low": 3536.0, "close": 3541.0, "open": 3544.0}
{"instrument_id": "hc1810", "date_time": "20180411 22:00:00", "high": 3546.0, "low": 3537.0, "close": 3544.0, "open": 3541.0}
{"instrument_id": "hc1810", "date_time": "20180411 22:10:00", "high": 3548.0, "low": 3540.0, "close": 3544.0, "open": 3544.0}
{"instrument_id": "hc1810", "date_time": "20180411 22:20:00", "high": 3549.0, "low": 3541.0, "close": 3543.0, "open": 3544.0}
{"instrument_id": "hc1810", "date_time": "20180411 22:30:00", "high": 3547.0, "low": 3536.0, "close": 3537.0, "open": 3543.0}
{"instrument_id": "hc1810", "date_time": "20180411 22:40:00", "high": 3540.0, "low": 3533.0, "close": 3538.0, "open": 3536.0}
{"instrument_id": "hc1810", "date_time": "20180411 22:50:00", "high": 3548.0, "low": 3534.0, "close": 3542.0, "open": 3538.0}
{"instrument_id": "hc1810", "date_time": "20180411 23:00:00", "high": 3542.0, "low": 3542.0, "close": 3542.0, "open": 3542.0}
{"instrument_id": "hc1810", "date_time": "20180411 21:50:00", "high": 3550.0000000000005, "low": 3536.0, "close": 3539.0, "open": 3544.0}
{"instrument_id": "hc1810", "date_time": "20180411 22:10:00", "high": 3548.0, "low": 3540.0, "close": 3544.0, "open": 3544.0}
{"instrument_id": "hc1810", "date_time": "20180411 22:20:00", "high": 3549.0, "low": 3541.0, "close": 3543.0, "open": 3544.0}
{"instrument_id": "hc1810", "date_time": "20180411 22:30:00", "high": 3547.0, "low": 3536.0, "close": 3537.0, "open": 3543.0}
{"instrument_id": "hc1810", "date_time": "20180411 22:40:00", "high": 3540.0, "low": 3533.0, "close": 3536.0000000000005, "open": 3536.0}
{"instrument_id": "hc1810", "date_time": "20180411 23:00:00", "high": 3542.0, "low": 3542.0, "close": 3542.0, "open": 3542.0}
{"instrument_id": "hc1810", "date_time": "20180411 22:40:00", "high": 3542.0, "low": 3533.0, "close": 3538.0, "open": 3536.0}
{"instrument_id": "hc1810", "date_time": "20180411 22:50:00", "high": 3548.0, "low": 3534.0, "close": 3542.0, "open": 3538.0}
{"instrument_id": "hc1810", "date_time": "20180411 23:00:00", "high": 3542.0, "low": 3542.0, "close": 3542.0, "open": 3542.0}
{"instrument_id": "hc1810", "date_time": "20180411 09:00:00", "high": 3554.0, "low": 3536.0000000000005, "close": 3547.0, "open": 3543.0}
{"instrument_id": "hc1810", "date_time": "20180411 09:10:00", "high": 3551.0, "low": 3540.0, "close": 3547.0, "open": 3547.0}
{"instrument_id": "hc1810", "date_time": "20180411 09:20:00", "high": 3548.0, "low": 3523.0, "close": 3529.0, "open": 3547.0}
{"instrument_id": "hc1810", "date_time": "20180411 09:30:00", "high": 3530.0000000000005, "low": 3518.0, "close": 3521.0, "open": 3529.0}
{"instrument_id": "hc1810", "date_time": "20180411 09:40:00", "high": 3523.0000000000005, "low": 3503.0, "close": 3504.0, "open": 3521.0}
{"instrument_id": "hc1810", "date_time": "20180411 09:50:00", "high": 3507.0, "low": 3486.0, "close": 3492.0, "open": 3504.0}
{"instrument_id": "hc1810", "date_time": "20180411 10:00:00", "high": 3500.0000000000005, "low": 3491.0, "close": 3496.0, "open": 3492.0}
{"instrument_id": "hc1810", "date_time": "20180411 10:10:00", "high": 3502.0, "low": 3496.0, "close": 3498.0000000000005, "open": 3496.0}
{"instrument_id": "hc1810", "date_time": "20180411 10:30:00", "high": 3502.0000000000005, "low": 3495.0, "close": 3496.0, "open": 3498.0000000000005}
{"instrument_id": "hc1810", "date_time": "20180411 10:40:00", "high": 3500.0000000000005, "low": 3494.0, "close": 3498.0000000000005, "open": 3497.0000000000005}
{"instrument_id": "hc1810", "date_time": "20180411 10:50:00", "high": 3499.0, "low": 3478.0, "close": 3481.0, "open": 3498.0000000000005}
{"instrument_id": "hc1810", "date_time": "20180411 11:00:00", "high": 3491.0, "low": 3480.0, "close": 3488.0, "open": 3482.0}
{"instrument_id": "hc1810", "date_time": "20180411 11:10:00", "high": 3489.0000000000005, "low": 3471.0, "close": 3478.0, "open": 3488.0}
{"instrument_id": "hc1810", "date_time": "20180411 11:20:00", "high": 3481.0, "low": 3473.0, "close": 3474.0, "open": 3478.0}
{"instrument_id": "hc1810", "date_time": "20180411 11:30:00", "high": 3474.0, "low": 3474.0, "close": 3474.0, "open": 3474.0}
{"instrument_id": "hc1810", "date_time": "20180411 13:30:00", "high": 3480.0, "low": 3470.0, "close": 3474.0, "open": 3474.0}
{"instrument_id": "hc1810", "date_time": "20180411 13:40:00", "high": 3474.0000000000005, "low": 3466.0, "close": 3473.0000000000005, "open": 3474.0}
{"instrument_id": "hc1810", "date_time": "20180411 13:50:00", "high": 3476.0, "low": 3469.0, "close": 3471.0, "open": 3473.0000000000005}
{"instrument_id": "hc1810", "date_time": "20180411 14:00:00", "high": 3482.0000000000005, "low": 3468.0, "close": 3481.0, "open": 3472.0000000000005}
{"instrument_id": "hc1810", "date_time": "20180411 14:10:00", "high": 3491.0, "low": 3478.0, "close": 3490.0, "open": 3481.0}
{"instrument_id": "hc1810", "date_time": "20180411 14:20:00", "high": 3492.0, "low": 3481.0, "close": 3485.0000000000005, "open": 3490.0}
{"instrument_id": "hc1810", "date_time": "20180411 14:30:00", "high": 3488.0, "low": 3480.0, "close": 3480.0, "open": 3486.0}
{"instrument_id": "hc1810", "date_time": "20180411 14:40:00", "high": 3483.0000000000005, "low": 3475.0, "close": 3482.0, "open": 3480.0}
{"instrument_id": "hc1810", "date_time": "20180411 14:50:00", "high": 3484.0, "low": 3476.0000000000005, "close": 3481.0, "open": 3481.0}
{"instrument_id": "hc1810", "date_time": "20180411 15:00:00", "high": 3479.0, "low": 3479.0, "close": 3479.0, "open": 3479.0}
