{"instrument_id": "hc1810", "date_time": "20180413 15:18:10", "high": 3549.0, "low": 3549.0, "close": 3549.0, "open": 3549.0}
{"instrument_id": "hc1810", "date_time": "20180416 18:33:13", "high": 3549.0, "low": 3549.0, "close": 3549.0, "open": 3549.0}
{"instrument_id": "hc1810", "date_time": "20180416 20:59:00", "high": 3555.0, "low": 3545.0, "close": 3550.0, "open": 3545.0}
{"instrument_id": "hc1810", "date_time": "20180416 21:01:00", "high": 3562.0000000000005, "low": 3540.0, "close": 3541.0000000000005, "open": 3550.0}
{"instrument_id": "hc1810", "date_time": "20180416 21:14:00", "high": 3548.0, "low": 3538.0, "close": 3547.0, "open": 3542.0}
{"instrument_id": "hc1810", "date_time": "20180416 21:27:00", "high": 3547.0, "low": 3541.0, "close": 3544.0, "open": 3547.0}
{"instrument_id": "hc1810", "date_time": "20180416 21:40:00", "high": 3545.0000000000005, "low": 3539.0, "close": 3543.0, "open": 3544.0}
{"instrument_id": "hc1810", "date_time": "20180416 21:53:00", "high": 3548.0000000000005, "low": 3542.0, "close": 3546.0, "open": 3543.0}
{"instrument_id": "hc1810", "date_time": "20180416 22:06:00", "high": 3554.0, "low": 3541.0, "close": 3552.0, "open": 3546.0}
{"instrument_id": "hc1810", "date_time": "20180416 22:19:00", "high": 3552.0000000000005, "low": 3540.0000000000005, "close": 3546.0, "open": 3552.0}
{"instrument_id": "hc1810", "date_time": "20180416 22:32:00", "high": 3548.0000000000005, "low": 3543.0, "close": 3546.0, "open": 3546.0}
{"instrument_id": "hc1810", "date_time": "20180416 22:45:01", "high": 3548.0, "low": 3536.0, "close": 3537.0, "open": 3546.0}
