{"instrument_id": "hc1805", "date_time": "20180402 22:13:56", "high": 3737.0, "low": 3713.0, "close": 3736.0, "open": 3719.0}
{"instrument_id": "hc1805", "date_time": "20180402 23:00:00", "high": 3737.0, "low": 3737.0, "close": 3737.0, "open": 3737.0}
{"instrument_id": "hc1805", "date_time": "20180402 21:59:04", "high": 3726.0, "low": 3721.0, "close": 3726.0, "open": 3722.0}
{"instrument_id": "hc1805", "date_time": "20180402 22:13:56", "high": 3737.0, "low": 3713.0, "close": 3723.0, "open": 3719.0}
{"instrument_id": "hc1805", "date_time": "20180402 23:00:00", "high": 3737.0, "low": 3737.0, "close": 3737.0, "open": 3737.0}
{"instrument_id": "hc1805", "date_time": "20180402 22:13:56", "high": 3737.0, "low": 3713.0, "close": 3736.0, "open": 3719.0}
{"instrument_id": "hc1805", "date_time": "20180402 23:00:00", "high": 3737.0, "low": 3737.0, "close": 3737.0, "open": 3737.0}
{"instrument_id": "hc1805", "date_time": "20180402 09:00:00", "high": 3789.0, "low": 3683.0, "close": 3713.0, "open": 3788.0}
{"instrument_id": "hc1805", "date_time": "20180402 10:00:01", "high": 3713.000000000001, "low": 3696.0, "close": 3700.0, "open": 3713.0}
{"instrument_id": "hc1805", "date_time": "20180402 11:00:00", "high": 3718.0, "low": 3699.0, "close": 3707.0, "open": 3700.0}
{"instrument_id": "hc1805", "date_time": "20180402 13:30:00", "high": 3711.000000000001, "low": 3689.0, "close": 3700.000000000001, "open": 3708.000000000001}
{"instrument_id": "hc1805", "date_time": "20180402 14:00:00", "high": 3728.000000000001, "low": 3697.0, "close": 3712.0, "open": 3700.000000000001}
