{"instrument_id": "hc1901", "date_time": "20180509 09:04:38", "high": 3560.0, "low": 3552.0, "close": 3554.0, "open": 3553.0}
{"instrument_id": "hc1901", "date_time": "20180509 09:10:03", "high": 3567.0, "low": 3551.0, "close": 3559.0, "open": 3554.0}
{"instrument_id": "hc1901", "date_time": "20180509 09:23:00", "high": 3564.0, "low": 3556.0, "close": 3560.0, "open": 3559.0}
{"instrument_id": "hc1901", "date_time": "20180509 09:36:00", "high": 3560.0, "low": 3548.0, "close": 3548.0, "open": 3560.0}
{"instrument_id": "hc1901", "date_time": "20180509 09:49:05", "high": 3554.0, "low": 3543.0, "close": 3549.0, "open": 3548.0}
{"instrument_id": "hc1901", "date_time": "20180509 10:02:05", "high": 3552.0000000000005, "low": 3537.0, "close": 3551.0, "open": 3549.0}
{"instrument_id": "hc1901", "date_time": "20180509 10:15:00", "high": 3551.0, "low": 3551.0, "close": 3551.0, "open": 3551.0}
{"instrument_id": "hc1901", "date_time": "20180509 10:30:00", "high": 3554.0, "low": 3546.0000000000005, "close": 3552.0, "open": 3551.0}
{"instrument_id": "hc1901", "date_time": "20180509 10:41:01", "high": 3554.0, "low": 3546.0, "close": 3550.0, "open": 3552.0}
{"instrument_id": "hc1901", "date_time": "20180509 10:54:01", "high": 3553.0, "low": 3544.0, "close": 3548.0000000000005, "open": 3550.0}
{"instrument_id": "hc1901", "date_time": "20180509 11:07:05", "high": 3552.0000000000005, "low": 3542.0, "close": 3547.0, "open": 3548.0000000000005}
{"instrument_id": "hc1901", "date_time": "20180509 11:20:00", "high": 3554.0000000000005, "low": 3547.0, "close": 3551.0, "open": 3547.0}
{"instrument_id": "hc1901", "date_time": "20180509 13:30:00", "high": 3551.0, "low": 3536.0, "close": 3544.0, "open": 3551.0}
{"instrument_id": "hc1901", "date_time": "20180509 13:43:02", "high": 3544.0, "low": 3536.0, "close": 3540.0, "open": 3544.0}
{"instrument_id": "hc1901", "date_time": "20180509 13:56:00", "high": 3543.0, "low": 3533.0, "close": 3533.0, "open": 3540.0}
{"instrument_id": "hc1901", "date_time": "20180509 14:09:01", "high": 3538.0, "low": 3531.0, "close": 3536.0, "open": 3533.0}
{"instrument_id": "hc1901", "date_time": "20180509 14:22:00", "high": 3538.0, "low": 3530.0, "close": 3533.0000000000005, "open": 3536.0}
{"instrument_id": "hc1901", "date_time": "20180509 14:35:11", "high": 3535.0, "low": 3530.0, "close": 3534.0, "open": 3533.0000000000005}
{"instrument_id": "hc1901", "date_time": "20180509 14:48:05", "high": 3542.0, "low": 3530.0, "close": 3536.0000000000005, "open": 3534.0}
