{"instrument_id": "hc1901", "date_time": "20180509 09:04:38", "high": 3567.0, "low": 3543.0, "close": 3552.0, "open": 3553.0}
{"instrument_id": "hc1901", "date_time": "20180509 10:00:01", "high": 3554.0, "low": 3537.0, "close": 3549.0, "open": 3552.0}
{"instrument_id": "hc1901", "date_time": "20180509 11:00:02", "high": 3554.0000000000005, "low": 3542.0, "close": 3551.0, "open": 3549.0}
{"instrument_id": "hc1901", "date_time": "20180509 13:30:00", "high": 3551.0, "low": 3536.0, "close": 3542.0, "open": 3551.0}
{"instrument_id": "hc1901", "date_time": "20180509 14:00:05", "high": 3542.0, "low": 3530.0, "close": 3536.0000000000005, "open": 3542.0}
