{"instrument_id": "hc1901", "date_time": "20180508 21:52:30", "high": 3610.0, "low": 3604.0, "close": 3606.0, "open": 3605.0}
{"instrument_id": "hc1901", "date_time": "20180508 22:00:02", "high": 3614.0, "low": 3596.0, "close": 3601.0, "open": 3606.0}
{"instrument_id": "hc1901", "date_time": "20180508 23:00:00", "high": 3601.0, "low": 3601.0, "close": 3601.0, "open": 3601.0}
{"instrument_id": "hc1901", "date_time": "20180508 21:52:30", "high": 3610.0, "low": 3603.0, "close": 3603.0, "open": 3605.0}
{"instrument_id": "hc1901", "date_time": "20180508 22:00:02", "high": 3614.0, "low": 3596.0, "close": 3601.0, "open": 3606.0}
{"instrument_id": "hc1901", "date_time": "20180508 23:00:00", "high": 3601.0, "low": 3601.0, "close": 3601.0, "open": 3601.0}
{"instrument_id": "hc1901", "date_time": "20180508 09:00:00", "high": 3610.0, "low": 3590.0, "close": 3602.0, "open": 3601.0}
{"instrument_id": "hc1901", "date_time": "20180508 10:00:01", "high": 3618.0000000000005, "low": 3598.0, "close": 3600.0, "open": 3602.0}
{"instrument_id": "hc1901", "date_time": "20180508 11:00:01", "high": 3612.0000000000005, "low": 3597.0, "close": 3608.0, "open": 3600.0}
{"instrument_id": "hc1901", "date_time": "20180508 13:30:00", "high": 3608.0, "low": 3596.0, "close": 3603.0, "open": 3608.0}
{"instrument_id": "hc1901", "date_time": "20180508 14:00:01", "high": 3604.0, "low": 3585.0, "close": 3585.0, "open": 3603.0}
