{"instrument_id": "hc1901", "date_time": "20180509 09:04:38", "high": 3560.0, "low": 3552.0, "close": 3554.0, "open": 3553.0}
{"instrument_id": "hc1901", "date_time": "20180509 09:10:03", "high": 3567.0, "low": 3551.0, "close": 3561.0, "open": 3554.0}
{"instrument_id": "hc1901", "date_time": "20180509 09:20:00", "high": 3562.0, "low": 3556.0, "close": 3560.0, "open": 3562.0}
{"instrument_id": "hc1901", "date_time": "20180509 09:30:00", "high": 3564.0, "low": 3555.0, "close": 3555.0, "open": 3560.0}
{"instrument_id": "hc1901", "date_time": "20180509 09:40:00", "high": 3557.0, "low": 3548.0, "close": 3550.0, "open": 3555.0}
{"instrument_id": "hc1901", "date_time": "20180509 09:50:01", "high": 3554.0, "low": 3543.0, "close": 3552.0, "open": 3550.0}
{"instrument_id": "hc1901", "date_time": "20180509 10:00:01", "high": 3553.0, "low": 3537.0, "close": 3541.0000000000005, "open": 3552.0}
{"instrument_id": "hc1901", "date_time": "20180509 10:10:02", "high": 3552.0000000000005, "low": 3540.0, "close": 3551.0, "open": 3541.0000000000005}
{"instrument_id": "hc1901", "date_time": "20180509 10:30:00", "high": 3554.0, "low": 3546.0000000000005, "close": 3553.0, "open": 3551.0}
{"instrument_id": "hc1901", "date_time": "20180509 10:40:01", "high": 3554.0, "low": 3546.0, "close": 3549.0, "open": 3553.0}
{"instrument_id": "hc1901", "date_time": "20180509 10:50:00", "high": 3551.0, "low": 3544.0, "close": 3549.0, "open": 3549.0}
{"instrument_id": "hc1901", "date_time": "20180509 11:00:02", "high": 3553.0, "low": 3546.0, "close": 3547.0000000000005, "open": 3549.0}
{"instrument_id": "hc1901", "date_time": "20180509 11:10:01", "high": 3552.0000000000005, "low": 3542.0, "close": 3547.0, "open": 3547.0000000000005}
{"instrument_id": "hc1901", "date_time": "20180509 11:20:00", "high": 3554.0000000000005, "low": 3547.0, "close": 3551.0, "open": 3547.0}
{"instrument_id": "hc1901", "date_time": "20180509 11:30:00", "high": 3551.0, "low": 3551.0, "close": 3551.0, "open": 3551.0}
{"instrument_id": "hc1901", "date_time": "20180509 13:30:00", "high": 3551.0, "low": 3536.0, "close": 3540.0, "open": 3551.0}
{"instrument_id": "hc1901", "date_time": "20180509 13:40:00", "high": 3544.0, "low": 3536.0, "close": 3539.0, "open": 3540.0}
{"instrument_id": "hc1901", "date_time": "20180509 13:50:02", "high": 3543.0, "low": 3536.0, "close": 3542.0, "open": 3539.0}
{"instrument_id": "hc1901", "date_time": "20180509 14:00:05", "high": 3542.0, "low": 3531.0, "close": 3534.0, "open": 3542.0}
{"instrument_id": "hc1901", "date_time": "20180509 14:10:00", "high": 3538.0, "low": 3531.0, "close": 3534.0, "open": 3534.0}
{"instrument_id": "hc1901", "date_time": "20180509 14:20:00", "high": 3538.0, "low": 3530.0, "close": 3532.0000000000005, "open": 3534.0}
{"instrument_id": "hc1901", "date_time": "20180509 14:30:00", "high": 3535.0, "low": 3530.0, "close": 3530.0, "open": 3532.0000000000005}
{"instrument_id": "hc1901", "date_time": "20180509 14:40:02", "high": 3535.0, "low": 3530.0, "close": 3534.0, "open": 3530.0}
{"instrument_id": "hc1901", "date_time": "20180509 14:50:00", "high": 3542.0, "low": 3530.0, "close": 3536.0000000000005, "open": 3534.0}
{"instrument_id": "hc1901", "date_time": "20180509 15:00:00", "high": 3536.0000000000005, "low": 3536.0000000000005, "close": 3536.0000000000005, "open": 3536.0000000000005}
