{"instrument_id": "rb1810", "date_time": "20180410 15:00:00", "high": 3419.0, "low": 3419.0, "close": 3419.0, "open": 3419.0}
{"instrument_id": "rb1810", "date_time": "20180411 18:35:44", "high": 3419.0, "low": 3419.0, "close": 3419.0, "open": 3419.0}
{"instrument_id": "rb1810", "date_time": "20180411 20:59:00", "high": 3430.0, "low": 3430.0, "close": 3430.0, "open": 3430.0}
{"instrument_id": "rb1810", "date_time": "20180411 21:00:00", "high": 3454.0000000000005, "low": 3425.0, "close": 3443.0000000000005, "open": 3430.0}
{"instrument_id": "rb1810", "date_time": "20180411 22:00:00", "high": 3457.0000000000005, "low": 3440.0, "close": 3452.0, "open": 3444.0000000000005}
{"instrument_id": "rb1810", "date_time": "20180411 23:00:00", "high": 3451.0, "low": 3451.0, "close": 3451.0, "open": 3451.0}
{"instrument_id": "rb1810", "date_time": "20180411 21:00:00", "high": 3454.0000000000005, "low": 3425.0, "close": 3444.0, "open": 3430.0}
{"instrument_id": "rb1810", "date_time": "20180411 22:00:00", "high": 3457.0000000000005, "low": 3440.0, "close": 3447.0, "open": 3444.0000000000005}
{"instrument_id": "rb1810", "date_time": "20180411 23:00:00", "high": 3451.0, "low": 3451.0, "close": 3451.0, "open": 3451.0}
{"instrument_id": "rb1810", "date_time": "20180411 22:00:00", "high": 3457.0000000000005, "low": 3440.0, "close": 3452.0, "open": 3444.0000000000005}
{"instrument_id": "rb1810", "date_time": "20180411 23:00:00", "high": 3451.0, "low": 3451.0, "close": 3451.0, "open": 3451.0}
{"instrument_id": "rb1810", "date_time": "20180411 09:00:00", "high": 3467.0000000000005, "low": 3413.0, "close": 3417.0, "open": 3453.0}
{"instrument_id": "rb1810", "date_time": "20180411 10:00:00", "high": 3429.0000000000005, "low": 3401.0, "close": 3402.0000000000005, "open": 3418.0}
{"instrument_id": "rb1810", "date_time": "20180411 11:00:00", "high": 3414.0, "low": 3391.0, "close": 3392.0000000000005, "open": 3403.0}
{"instrument_id": "rb1810", "date_time": "20180411 13:30:00", "high": 3406.0, "low": 3386.0, "close": 3395.0, "open": 3392.0000000000005}
{"instrument_id": "rb1810", "date_time": "20180411 14:00:00", "high": 3414.0, "low": 3389.0, "close": 3396.0, "open": 3394.0}
