{"instrument_id": "rb1810", "date_time": "20180412 15:19:50", "high": 3402.0, "low": 3402.0, "close": 3402.0, "open": 3402.0}
{"instrument_id": "rb1810", "date_time": "20180413 18:32:12", "high": 3402.0, "low": 3402.0, "close": 3402.0, "open": 3402.0}
{"instrument_id": "rb1810", "date_time": "20180413 20:59:00", "high": 3400.0, "low": 3400.0, "close": 3400.0, "open": 3400.0}
{"instrument_id": "rb1810", "date_time": "20180413 21:00:00", "high": 3404.0000000000005, "low": 3385.0, "close": 3401.0000000000005, "open": 3398.0}
{"instrument_id": "rb1810", "date_time": "20180413 21:10:00", "high": 3402.0, "low": 3390.0, "close": 3395.0, "open": 3401.0}
{"instrument_id": "rb1810", "date_time": "20180413 21:20:00", "high": 3396.0000000000005, "low": 3386.0, "close": 3387.0000000000005, "open": 3395.0}
{"instrument_id": "rb1810", "date_time": "20180413 21:30:00", "high": 3391.0000000000005, "low": 3377.0, "close": 3387.0, "open": 3387.0}
{"instrument_id": "rb1810", "date_time": "20180413 21:40:00", "high": 3395.0000000000005, "low": 3383.0, "close": 3392.0000000000005, "open": 3386.0}
{"instrument_id": "rb1810", "date_time": "20180413 21:50:00", "high": 3395.0, "low": 3388.0, "close": 3390.0, "open": 3393.0}
{"instrument_id": "rb1810", "date_time": "20180413 22:00:00", "high": 3402.0, "low": 3386.0, "close": 3399.0, "open": 3390.0}
{"instrument_id": "rb1810", "date_time": "20180413 22:10:00", "high": 3400.0000000000005, "low": 3393.0, "close": 3396.0, "open": 3399.0000000000005}
{"instrument_id": "rb1810", "date_time": "20180413 22:20:00", "high": 3400.0000000000005, "low": 3394.0000000000005, "close": 3397.0, "open": 3396.0}
{"instrument_id": "rb1810", "date_time": "20180413 22:30:00", "high": 3398.0000000000005, "low": 3386.0, "close": 3388.0, "open": 3396.0}
{"instrument_id": "rb1810", "date_time": "20180413 22:40:00", "high": 3391.0000000000005, "low": 3382.0, "close": 3386.0, "open": 3389.0}
{"instrument_id": "rb1810", "date_time": "20180413 22:50:00", "high": 3391.0, "low": 3384.0, "close": 3386.0000000000005, "open": 3386.0}
{"instrument_id": "rb1810", "date_time": "20180413 23:00:00", "high": 3387.0, "low": 3387.0, "close": 3387.0, "open": 3387.0}
{"instrument_id": "rb1810", "date_time": "20180413 21:20:00", "high": 3396.0000000000005, "low": 3386.0, "close": 3387.0000000000005, "open": 3395.0}
{"instrument_id": "rb1810", "date_time": "20180413 21:30:00", "high": 3391.0000000000005, "low": 3377.0, "close": 3387.0000000000005, "open": 3387.0}
{"instrument_id": "rb1810", "date_time": "20180413 21:40:00", "high": 3395.0000000000005, "low": 3383.0, "close": 3395.0, "open": 3386.0}
{"instrument_id": "rb1810", "date_time": "20180413 21:50:00", "high": 3395.0, "low": 3388.0, "close": 3390.0, "open": 3393.0}
{"instrument_id": "rb1810", "date_time": "20180413 22:00:00", "high": 3402.0, "low": 3386.0, "close": 3399.0, "open": 3390.0}
{"instrument_id": "rb1810", "date_time": "20180413 22:10:00", "high": 3400.0000000000005, "low": 3393.0, "close": 3396.0, "open": 3399.0000000000005}
{"instrument_id": "rb1810", "date_time": "20180413 22:20:00", "high": 3400.0000000000005, "low": 3394.0000000000005, "close": 3397.0, "open": 3396.0}
{"instrument_id": "rb1810", "date_time": "20180413 22:30:00", "high": 3398.0000000000005, "low": 3386.0, "close": 3388.0, "open": 3396.0}
{"instrument_id": "rb1810", "date_time": "20180413 22:40:00", "high": 3391.0000000000005, "low": 3382.0, "close": 3388.0, "open": 3389.0}
{"instrument_id": "rb1810", "date_time": "20180413 22:50:00", "high": 3391.0, "low": 3384.0, "close": 3386.0000000000005, "open": 3386.0}
{"instrument_id": "rb1810", "date_time": "20180413 23:00:00", "high": 3387.0, "low": 3387.0, "close": 3387.0, "open": 3387.0}
{"instrument_id": "rb1810", "date_time": "20180413 09:00:00", "high": 3401.0000000000005, "low": 3388.0, "close": 3395.0, "open": 3389.0}
{"instrument_id": "rb1810", "date_time": "20180413 09:10:00", "high": 3410.0, "low": 3392.0, "close": 3408.0, "open": 3394.0}
{"instrument_id": "rb1810", "date_time": "20180413 09:20:00", "high": 3416.0000000000005, "low": 3406.0, "close": 3414.0, "open": 3409.0}
{"instrument_id": "rb1810", "date_time": "20180413 09:30:00", "high": 3427.0, "low": 3412.0, "close": 3419.0, "open": 3414.0}
{"instrument_id": "rb1810", "date_time": "20180413 09:40:00", "high": 3422.0, "low": 3412.0, "close": 3415.0000000000005, "open": 3419.0}
{"instrument_id": "rb1810", "date_time": "20180413 09:50:00", "high": 3419.0, "low": 3413.0000000000005, "close": 3419.0, "open": 3415.0000000000005}
{"instrument_id": "rb1810", "date_time": "20180413 10:00:00", "high": 3421.0, "low": 3413.0000000000005, "close": 3419.0, "open": 3419.0}
{"instrument_id": "rb1810", "date_time": "20180413 10:10:00", "high": 3424.0, "low": 3418.0, "close": 3419.0, "open": 3419.0}
{"instrument_id": "rb1810", "date_time": "20180413 10:30:00", "high": 3424.0000000000005, "low": 3408.0, "close": 3412.0, "open": 3419.0}
{"instrument_id": "rb1810", "date_time": "20180413 10:40:00", "high": 3419.0000000000005, "low": 3410.0, "close": 3418.0, "open": 3412.0}
{"instrument_id": "rb1810", "date_time": "20180413 10:50:00", "high": 3421.0000000000005, "low": 3416.0, "close": 3417.0000000000005, "open": 3419.0}
{"instrument_id": "rb1810", "date_time": "20180413 11:00:00", "high": 3431.0, "low": 3416.0, "close": 3417.0, "open": 3416.0}
{"instrument_id": "rb1810", "date_time": "20180413 11:10:00", "high": 3437.0, "low": 3414.0, "close": 3433.0, "open": 3417.0}
{"instrument_id": "rb1810", "date_time": "20180413 11:20:00", "high": 3440.0, "low": 3431.0, "close": 3436.0, "open": 3433.0}
{"instrument_id": "rb1810", "date_time": "20180413 11:30:00", "high": 3438.0000000000005, "low": 3438.0000000000005, "close": 3438.0000000000005, "open": 3438.0000000000005}
{"instrument_id": "rb1810", "date_time": "20180413 13:30:00", "high": 3454.0000000000005, "low": 3438.0000000000005, "close": 3452.0, "open": 3438.0000000000005}
{"instrument_id": "rb1810", "date_time": "20180413 13:40:00", "high": 3456.0000000000005, "low": 3447.0, "close": 3453.0000000000005, "open": 3451.0}
{"instrument_id": "rb1810", "date_time": "20180413 13:50:00", "high": 3454.0000000000005, "low": 3443.0, "close": 3447.0, "open": 3453.0000000000005}
{"instrument_id": "rb1810", "date_time": "20180413 14:00:00", "high": 3451.0000000000005, "low": 3444.0, "close": 3448.0, "open": 3448.0}
{"instrument_id": "rb1810", "date_time": "20180413 14:10:00", "high": 3456.0000000000005, "low": 3446.0, "close": 3454.0000000000005, "open": 3448.0}
{"instrument_id": "rb1810", "date_time": "20180413 14:20:00", "high": 3463.0000000000005, "low": 3449.0, "close": 3459.0, "open": 3454.0000000000005}
{"instrument_id": "rb1810", "date_time": "20180413 14:30:00", "high": 3462.0, "low": 3448.0, "close": 3450.0, "open": 3459.0}
{"instrument_id": "rb1810", "date_time": "20180413 14:40:00", "high": 3459.0, "low": 3435.0, "close": 3456.0, "open": 3449.0000000000005}
{"instrument_id": "rb1810", "date_time": "20180413 14:50:00", "high": 3471.0000000000005, "low": 3451.0, "close": 3453.0000000000005, "open": 3455.0}
{"instrument_id": "rb1810", "date_time": "20180413 15:00:00", "high": 3452.0, "low": 3452.0, "close": 3452.0, "open": 3452.0}
