{"instrument_id": "rb1805", "date_time": "20180403 15:00:00", "high": 3599.0, "low": 3599.0, "close": 3599.0, "open": 3599.0}
{"instrument_id": "rb1805", "date_time": "20180404 18:29:58", "high": 3599.0, "low": 3599.0, "close": 3599.0, "open": 3599.0}
{"instrument_id": "rb1805", "date_time": "20180404 20:59:00", "high": 3605.0, "low": 3605.0, "close": 3605.0, "open": 3605.0}
{"instrument_id": "rb1805", "date_time": "20180404 21:00:00", "high": 3614.0, "low": 3587.0, "close": 3592.0000000000005, "open": 3606.0}
{"instrument_id": "rb1805", "date_time": "20180404 22:00:00", "high": 3604.0, "low": 3581.0, "close": 3601.0, "open": 3592.0000000000005}
{"instrument_id": "rb1805", "date_time": "20180404 23:00:00", "high": 3601.0, "low": 3601.0, "close": 3601.0, "open": 3601.0}
{"instrument_id": "rb1805", "date_time": "20180404 21:00:00", "high": 3614.0, "low": 3587.0, "close": 3595.0000000000005, "open": 3606.0}
{"instrument_id": "rb1805", "date_time": "20180404 22:00:00", "high": 3604.0, "low": 3581.0, "close": 3592.0, "open": 3592.0000000000005}
{"instrument_id": "rb1805", "date_time": "20180404 23:00:00", "high": 3601.0, "low": 3601.0, "close": 3601.0, "open": 3601.0}
{"instrument_id": "rb1805", "date_time": "20180404 22:00:00", "high": 3604.0, "low": 3581.0, "close": 3601.0, "open": 3592.0000000000005}
{"instrument_id": "rb1805", "date_time": "20180404 23:00:00", "high": 3601.0, "low": 3601.0, "close": 3601.0, "open": 3601.0}
{"instrument_id": "rb1805", "date_time": "20180404 09:00:00", "high": 3626.0000000000005, "low": 3592.0, "close": 3604.0, "open": 3599.0}
{"instrument_id": "rb1805", "date_time": "20180404 10:00:00", "high": 3623.0, "low": 3601.0, "close": 3623.0, "open": 3604.0}
{"instrument_id": "rb1805", "date_time": "20180404 11:00:00", "high": 3628.0000000000005, "low": 3612.0, "close": 3620.0, "open": 3622.0000000000005}
{"instrument_id": "rb1805", "date_time": "20180404 13:30:00", "high": 3623.0000000000005, "low": 3600.0, "close": 3603.0, "open": 3623.0}
{"instrument_id": "rb1805", "date_time": "20180404 14:00:00", "high": 3603.0, "low": 3576.0, "close": 3591.0, "open": 3603.0}
