{"instrument_id": "rb1810", "date_time": "20180404 15:00:00", "high": 3318.0000000000005, "low": 3318.0000000000005, "close": 3318.0000000000005, "open": 3318.0000000000005}
{"instrument_id": "rb1810", "date_time": "20180409 07:32:12", "high": 3318.0, "low": 3318.0, "close": 3318.0, "open": 3318.0}
{"instrument_id": "rb1810", "date_time": "20180409 08:59:00", "high": 3318.0, "low": 3318.0, "close": 3318.0, "open": 3318.0}
{"instrument_id": "rb1810", "date_time": "20180409 09:00:00", "high": 3366.0, "low": 3310.0, "close": 3356.0, "open": 3318.0}
{"instrument_id": "rb1810", "date_time": "20180409 09:30:00", "high": 3364.0000000000005, "low": 3335.0, "close": 3340.0, "open": 3356.0}
{"instrument_id": "rb1810", "date_time": "20180409 10:00:00", "high": 3340.0000000000005, "low": 3319.0, "close": 3321.0, "open": 3340.0}
{"instrument_id": "rb1810", "date_time": "20180409 10:30:00", "high": 3342.0000000000005, "low": 3317.0, "close": 3337.0, "open": 3320.0}
{"instrument_id": "rb1810", "date_time": "20180409 11:00:00", "high": 3357.0, "low": 3337.0, "close": 3357.0, "open": 3338.0}
{"instrument_id": "rb1810", "date_time": "20180409 11:30:00", "high": 3356.0, "low": 3356.0, "close": 3356.0, "open": 3356.0}
{"instrument_id": "rb1810", "date_time": "20180409 13:30:00", "high": 3386.0000000000005, "low": 3356.0, "close": 3373.0000000000005, "open": 3358.0}
{"instrument_id": "rb1810", "date_time": "20180409 14:00:00", "high": 3389.0000000000005, "low": 3372.0, "close": 3384.0, "open": 3373.0000000000005}
{"instrument_id": "rb1810", "date_time": "20180409 14:30:00", "high": 3415.0, "low": 3384.0, "close": 3409.0, "open": 3384.0}
