{"instrument_id": "rb1810", "date_time": "20180508 21:52:30", "high": 3660.0000000000005, "low": 3656.0, "close": 3660.0000000000005, "open": 3656.0}
{"instrument_id": "rb1810", "date_time": "20180508 21:55:00", "high": 3660.0000000000005, "low": 3652.0, "close": 3654.0, "open": 3659.0}
{"instrument_id": "rb1810", "date_time": "20180508 22:00:00", "high": 3659.0, "low": 3653.0, "close": 3659.0, "open": 3654.0}
{"instrument_id": "rb1810", "date_time": "20180508 22:05:00", "high": 3665.0, "low": 3658.0, "close": 3663.0, "open": 3658.0}
{"instrument_id": "rb1810", "date_time": "20180508 22:10:00", "high": 3664.0, "low": 3660.0, "close": 3662.0, "open": 3663.000000000001}
{"instrument_id": "rb1810", "date_time": "20180508 22:15:00", "high": 3665.0, "low": 3658.0, "close": 3658.0000000000005, "open": 3662.0}
{"instrument_id": "rb1810", "date_time": "20180508 22:20:00", "high": 3660.0000000000005, "low": 3655.0, "close": 3660.0, "open": 3658.0}
{"instrument_id": "rb1810", "date_time": "20180508 22:25:00", "high": 3661.000000000001, "low": 3656.0, "close": 3661.0, "open": 3659.0}
{"instrument_id": "rb1810", "date_time": "20180508 22:30:00", "high": 3661.0, "low": 3653.0, "close": 3653.0, "open": 3661.0}
{"instrument_id": "rb1810", "date_time": "20180508 22:35:00", "high": 3656.0, "low": 3647.0, "close": 3647.0, "open": 3654.0}
{"instrument_id": "rb1810", "date_time": "20180508 22:40:00", "high": 3653.0000000000005, "low": 3643.0, "close": 3652.0, "open": 3648.0}
{"instrument_id": "rb1810", "date_time": "20180508 22:45:00", "high": 3659.0000000000005, "low": 3650.0, "close": 3658.0, "open": 3651.0}
{"instrument_id": "rb1810", "date_time": "20180508 22:50:00", "high": 3660.0000000000005, "low": 3655.0, "close": 3656.0, "open": 3658.0000000000005}
{"instrument_id": "rb1810", "date_time": "20180508 22:55:00", "high": 3659.0000000000005, "low": 3650.0, "close": 3652.0, "open": 3657.0}
{"instrument_id": "rb1810", "date_time": "20180508 23:00:00", "high": 3651.0000000000005, "low": 3651.0000000000005, "close": 3651.0000000000005, "open": 3651.0000000000005}
{"instrument_id": "rb1810", "date_time": "20180508 21:25:30", "high": 3655.0, "low": 3652.0, "close": 3655.0, "open": 3653.0}
{"instrument_id": "rb1810", "date_time": "20180508 21:30:00", "high": 3655.0, "low": 3651.0, "close": 3651.0000000000005, "open": 3655.0}
{"instrument_id": "rb1810", "date_time": "20180508 22:40:00", "high": 3653.0000000000005, "low": 3643.0, "close": 3652.0, "open": 3648.0}
{"instrument_id": "rb1810", "date_time": "20180508 22:45:00", "high": 3659.0000000000005, "low": 3650.0, "close": 3658.0, "open": 3651.0}
{"instrument_id": "rb1810", "date_time": "20180508 22:50:00", "high": 3660.0000000000005, "low": 3655.0, "close": 3656.0, "open": 3658.0000000000005}
{"instrument_id": "rb1810", "date_time": "20180508 22:55:00", "high": 3659.0000000000005, "low": 3650.0, "close": 3652.0, "open": 3657.0}
{"instrument_id": "rb1810", "date_time": "20180508 23:00:00", "high": 3651.0000000000005, "low": 3651.0000000000005, "close": 3651.0000000000005, "open": 3651.0000000000005}
{"instrument_id": "rb1810", "date_time": "20180508 09:00:00", "high": 3655.0000000000005, "low": 3646.0, "close": 3651.0, "open": 3650.0}
{"instrument_id": "rb1810", "date_time": "20180508 09:05:00", "high": 3653.0, "low": 3639.0, "close": 3640.0, "open": 3653.0}
{"instrument_id": "rb1810", "date_time": "20180508 09:10:00", "high": 3645.0, "low": 3638.0, "close": 3642.0, "open": 3641.0}
{"instrument_id": "rb1810", "date_time": "20180508 09:15:00", "high": 3651.0, "low": 3641.0, "close": 3650.0, "open": 3641.0}
{"instrument_id": "rb1810", "date_time": "20180508 09:20:00", "high": 3651.0, "low": 3645.0, "close": 3647.0, "open": 3650.0}
{"instrument_id": "rb1810", "date_time": "20180508 09:25:00", "high": 3650.0000000000005, "low": 3645.0, "close": 3645.0, "open": 3647.0}
{"instrument_id": "rb1810", "date_time": "20180508 09:30:00", "high": 3663.0, "low": 3644.0, "close": 3659.0, "open": 3646.0}
{"instrument_id": "rb1810", "date_time": "20180508 09:35:00", "high": 3660.0, "low": 3656.0, "close": 3658.0, "open": 3660.0}
{"instrument_id": "rb1810", "date_time": "20180508 09:40:00", "high": 3658.0, "low": 3652.0, "close": 3654.0, "open": 3658.0}
{"instrument_id": "rb1810", "date_time": "20180508 09:45:00", "high": 3656.0000000000005, "low": 3646.0, "close": 3648.0, "open": 3655.0}
{"instrument_id": "rb1810", "date_time": "20180508 09:50:00", "high": 3656.0, "low": 3647.0, "close": 3654.0, "open": 3649.0}
{"instrument_id": "rb1810", "date_time": "20180508 09:55:00", "high": 3656.0, "low": 3649.0, "close": 3651.0, "open": 3654.0}
{"instrument_id": "rb1810", "date_time": "20180508 10:00:00", "high": 3655.0000000000005, "low": 3650.0, "close": 3653.0, "open": 3650.0}
{"instrument_id": "rb1810", "date_time": "20180508 10:05:00", "high": 3659.0000000000005, "low": 3653.0, "close": 3659.0, "open": 3653.0}
{"instrument_id": "rb1810", "date_time": "20180508 10:10:00", "high": 3659.0000000000005, "low": 3652.0, "close": 3652.0, "open": 3659.0}
{"instrument_id": "rb1810", "date_time": "20180508 10:15:00", "high": 3652.0, "low": 3652.0, "close": 3652.0, "open": 3652.0}
{"instrument_id": "rb1810", "date_time": "20180508 10:30:00", "high": 3656.0, "low": 3649.0, "close": 3651.0, "open": 3652.0}
{"instrument_id": "rb1810", "date_time": "20180508 10:35:00", "high": 3653.0000000000005, "low": 3650.0, "close": 3653.0, "open": 3652.0}
{"instrument_id": "rb1810", "date_time": "20180508 10:40:00", "high": 3656.0, "low": 3650.0, "close": 3654.0, "open": 3653.0000000000005}
{"instrument_id": "rb1810", "date_time": "20180508 10:45:00", "high": 3657.0, "low": 3651.0, "close": 3657.0, "open": 3654.0}
{"instrument_id": "rb1810", "date_time": "20180508 10:50:00", "high": 3671.0000000000005, "low": 3655.0, "close": 3657.0, "open": 3656.0}
{"instrument_id": "rb1810", "date_time": "20180508 10:55:00", "high": 3657.0, "low": 3648.0, "close": 3651.0, "open": 3657.0}
{"instrument_id": "rb1810", "date_time": "20180508 11:00:00", "high": 3651.0, "low": 3646.0, "close": 3650.0, "open": 3651.0}
{"instrument_id": "rb1810", "date_time": "20180508 11:05:00", "high": 3653.0, "low": 3646.0, "close": 3652.0, "open": 3650.0}
{"instrument_id": "rb1810", "date_time": "20180508 11:10:00", "high": 3658.0000000000005, "low": 3650.0, "close": 3656.0, "open": 3652.0}
{"instrument_id": "rb1810", "date_time": "20180508 11:15:00", "high": 3659.0000000000005, "low": 3653.0, "close": 3657.0, "open": 3655.0}
{"instrument_id": "rb1810", "date_time": "20180508 11:20:00", "high": 3659.0000000000005, "low": 3656.0, "close": 3658.0, "open": 3658.0}
{"instrument_id": "rb1810", "date_time": "20180508 11:25:00", "high": 3662.000000000001, "low": 3655.0, "close": 3658.0, "open": 3659.0}
{"instrument_id": "rb1810", "date_time": "20180508 11:30:00", "high": 3658.0, "low": 3658.0, "close": 3658.0, "open": 3658.0}
{"instrument_id": "rb1810", "date_time": "20180508 13:30:00", "high": 3658.0000000000005, "low": 3649.0, "close": 3652.0000000000005, "open": 3658.0000000000005}
{"instrument_id": "rb1810", "date_time": "20180508 13:35:00", "high": 3654.0000000000005, "low": 3647.0, "close": 3649.0, "open": 3653.0000000000005}
{"instrument_id": "rb1810", "date_time": "20180508 13:40:00", "high": 3650.0, "low": 3643.0, "close": 3645.0000000000005, "open": 3649.0}
{"instrument_id": "rb1810", "date_time": "20180508 13:45:00", "high": 3650.0000000000005, "low": 3644.0, "close": 3648.0, "open": 3645.0}
{"instrument_id": "rb1810", "date_time": "20180508 13:50:00", "high": 3649.0000000000005, "low": 3646.0, "close": 3648.0, "open": 3649.0}
{"instrument_id": "rb1810", "date_time": "20180508 13:55:00", "high": 3652.0000000000005, "low": 3646.0, "close": 3649.0, "open": 3647.0}
{"instrument_id": "rb1810", "date_time": "20180508 14:00:00", "high": 3650.0, "low": 3641.0, "close": 3645.0000000000005, "open": 3649.0}
{"instrument_id": "rb1810", "date_time": "20180508 14:05:00", "high": 3647.0000000000005, "low": 3644.0,