{"instrument_id": "rb1805", "date_time": "20180402 15:20:07", "high": 3591.0, "low": 3591.0, "close": 3591.0, "open": 3591.0}
{"instrument_id": "rb1805", "date_time": "20180403 18:32:14", "high": 3591.0, "low": 3591.0, "close": 3591.0, "open": 3591.0}
{"instrument_id": "rb1805", "date_time": "20180403 20:59:00", "high": 3595.0, "low": 3595.0, "close": 3595.0, "open": 3595.0}
{"instrument_id": "rb1805", "date_time": "20180403 21:00:00", "high": 3605.0000000000005, "low": 3584.0, "close": 3594.0000000000005, "open": 3595.0}
{"instrument_id": "rb1805", "date_time": "20180403 21:10:00", "high": 3606.0, "low": 3594.0000000000005, "close": 3601.0, "open": 3594.0000000000005}
{"instrument_id": "rb1805", "date_time": "20180403 21:20:00", "high": 3602.0000000000005, "low": 3596.0, "close": 3600.0, "open": 3602.0}
{"instrument_id": "rb1805", "date_time": "20180403 21:30:00", "high": 3627.0000000000005, "low": 3598.0000000000005, "close": 3626.0, "open": 3598.0000000000005}
{"instrument_id": "rb1805", "date_time": "20180403 21:40:00", "high": 3634.0000000000005, "low": 3625.0, "close": 3630.0, "open": 3627.0}
{"instrument_id": "rb1805", "date_time": "20180403 21:50:00", "high": 3644.0000000000005, "low": 3628.0, "close": 3630.0, "open": 3630.0}
{"instrument_id": "rb1805", "date_time": "20180403 22:00:00", "high": 3634.0, "low": 3627.0, "close": 3632.0, "open": 3630.0}
{"instrument_id": "rb1805", "date_time": "20180403 22:10:00", "high": 3643.0000000000005, "low": 3628.0000000000005, "close": 3635.0, "open": 3631.0}
{"instrument_id": "rb1805", "date_time": "20180403 22:20:00", "high": 3656.0000000000005, "low": 3633.0, "close": 3655.0, "open": 3635.0}
{"instrument_id": "rb1805", "date_time": "20180403 22:30:00", "high": 3659.0, "low": 3647.0, "close": 3655.0, "open": 3655.0000000000005}
{"instrument_id": "rb1805", "date_time": "20180403 22:40:00", "high": 3656.0000000000005, "low": 3646.0, "close": 3650.0, "open": 3656.0}
{"instrument_id": "rb1805", "date_time": "20180403 22:50:00", "high": 3653.0, "low": 3643.0, "close": 3651.0, "open": 3650.0}
{"instrument_id": "rb1805", "date_time": "20180403 23:00:00", "high": 3652.0, "low": 3652.0, "close": 3652.0, "open": 3652.0}
{"instrument_id": "rb1805", "date_time": "20180403 21:20:00", "high": 3602.0000000000005, "low": 3596.0, "close": 3600.0, "open": 3602.0}
{"instrument_id": "rb1805", "date_time": "20180403 21:30:00", "high": 3627.0000000000005, "low": 3598.0000000000005, "close": 3604.0, "open": 3598.0000000000005}
{"instrument_id": "rb1805", "date_time": "20180403 21:50:00", "high": 3644.0000000000005, "low": 3628.0, "close": 3630.0, "open": 3630.0}
{"instrument_id": "rb1805", "date_time": "20180403 22:00:00", "high": 3634.0, "low": 3627.0, "close": 3632.0, "open": 3630.0}
{"instrument_id": "rb1805", "date_time": "20180403 22:10:00", "high": 3643.0000000000005, "low": 3628.0000000000005, "close": 3632.0, "open": 3631.0}
{"instrument_id": "rb1805", "date_time": "20180403 22:20:00", "high": 3656.0000000000005, "low": 3633.0, "close": 3643.0, "open": 3635.0}
{"instrument_id": "rb1805", "date_time": "20180403 23:00:00", "high": 3652.0, "low": 3652.0, "close": 3652.0, "open": 3652.0}
{"instrument_id": "rb1805", "date_time": "20180403 22:20:00", "high": 3656.0000000000005, "low": 3633.0, "close": 3655.0, "open": 3635.0}
{"instrument_id": "rb1805", "date_time": "20180403 22:30:00", "high": 3659.0, "low": 3647.0, "close": 3655.0, "open": 3655.0000000000005}
{"instrument_id": "rb1805", "date_time": "20180403 22:40:00", "high": 3656.0000000000005, "low": 3646.0, "close": 3650.0, "open": 3656.0}
{"instrument_id": "rb1805", "date_time": "20180403 22:50:00", "high": 3653.0, "low": 3643.0, "close": 3651.0, "open": 3650.0}
{"instrument_id": "rb1805", "date_time": "20180403 23:00:00", "high": 3652.0, "low": 3652.0, "close": 3652.0, "open": 3652.0}
{"instrument_id": "rb1805", "date_time": "20180403 09:00:00", "high": 3644.0, "low": 3624.0, "close": 3629.0, "open": 3644.0}
{"instrument_id": "rb1805", "date_time": "20180403 09:10:00", "high": 3638.0, "low": 3628.0, "close": 3631.0000000000005, "open": 3630.0}
{"instrument_id": "rb1805", "date_time": "20180403 09:20:00", "high": 3636.0000000000005, "low": 3630.0, "close": 3630.0, "open": 3630.0}
{"instrument_id": "rb1805", "date_time": "20180403 09:30:00", "high": 3635.0000000000005, "low": 3630.0, "close": 3632.0, "open": 3630.0}
{"instrument_id": "rb1805", "date_time": "20180403 09:40:00", "high": 3643.0000000000005, "low": 3630.0, "close": 3643.0, "open": 3632.0}
{"instrument_id": "rb1805", "date_time": "20180403 09:50:00", "high": 3664.000000000001, "low": 3643.0, "close": 3658.0, "open": 3643.0}
{"instrument_id": "rb1805", "date_time": "20180403 10:00:00", "high": 3659.0, "low": 3645.0, "close": 3649.0, "open": 3659.0}
{"instrument_id": "rb1805", "date_time": "20180403 10:10:00", "high": 3658.0, "low": 3648.0, "close": 3651.0, "open": 3649.0}
{"instrument_id": "rb1805", "date_time": "20180403 10:30:00", "high": 3658.0, "low": 3646.0, "close": 3651.0, "open": 3651.0}
{"instrument_id": "rb1805", "date_time": "20180403 10:40:00", "high": 3658.0000000000005, "low": 3649.0, "close": 3652.0, "open": 3651.0}
{"instrument_id": "rb1805", "date_time": "20180403 10:50:00", "high": 3663.0, "low": 3651.0, "close": 3660.0, "open": 3652.0}
{"instrument_id": "rb1805", "date_time": "20180403 11:00:00", "high": 3660.0000000000005, "low": 3630.0, "close": 3635.0, "open": 3659.0}
{"instrument_id": "rb1805", "date_time": "20180403 11:10:00", "high": 3640.0000000000005, "low": 3630.0, "close": 3637.0, "open": 3636.0}
{"instrument_id": "rb1805", "date_time": "20180403 11:20:00", "high": 3651.0, "low": 3634.0, "close": 3636.0, "open": 3637.0}
{"instrument_id": "rb1805", "date_time": "20180403 11:30:00", "high": 3635.0, "low": 3635.0, "close": 3635.0, "open": 3635.0}
{"instrument_id": "rb1805", "date_time": "20180403 13:30:00", "high": 3632.0, "low": 3607.0, "close": 3614.0, "open": 3632.0}
{"instrument_id": "rb1805", "date_time": "20180403 13:40:00", "high": 3622.0, "low": 3612.0, "close": 3614.0, "open": 3615.0}
{"instrument_id": "rb1805", "date_time": "20180403 13:50:00", "high": 3618.0, "low": 3603.0, "close": 3609.0, "open": 3613.0}
{"instrument_id": "rb1805", "date_time": "20180403 14:00:00", "high": 3619.0, "low": 3608.0, "close": 3612.0000000000005, "open": 3609.0}
{"instrument_id": "rb1805", "date_time": "20180403 14:10:00", "high": 3613.0000000000005, "low": 3604.0, "close": 3607.0000000000005, "open": 3612.0000000000005}
{"instrument_id": "rb1805", "date_time": "20180403 14:20:00", "high": 3610.0, "low": 3592.0, "close": 3597.0000000000005, "open": 3607.0000000000005}
{"instrument_id": "rb1805", "date_time": "20180403 14:30:00", "high": 3608.0, "low": 3595.0, "close": 3602.0, "open": 3597.0000000000005}
{"instrument_id": "rb1805", "date_time": "20180403 14:40:00", "high": 3607.0, "low": 3595.0, "close": 3602.0000000000005, "open": 3602.0}
{"instrument_id": "rb1805", "date_time": "20180403 14:50:00", "high": 3608.0, "low": 3596.0, "close": 3600.0, "open": 3603.0}
{"instrument_id": "rb1805", "date_time": "20180403 15:00:00", "high": 3599.0, "low": 3599.0, "close": 3599.0, "open": 3599.0}
