{"instrument_id": "rb1805", "date_time": "20180403 15:33:07", "high": 3599.0, "low": 3599.0, "close": 3599.0, "open": 3599.0}
{"instrument_id": "rb1805", "date_time": "20180404 18:29:58", "high": 3599.0, "low": 3599.0, "close": 3599.0, "open": 3599.0}
{"instrument_id": "rb1805", "date_time": "20180404 20:59:00", "high": 3605.0, "low": 3605.0, "close": 3605.0, "open": 3605.0}
{"instrument_id": "rb1805", "date_time": "20180404 21:00:00", "high": 3614.0, "low": 3603.0, "close": 3604.0000000000005, "open": 3606.0}
{"instrument_id": "rb1805", "date_time": "20180404 21:03:00", "high": 3605.0, "low": 3600.0, "close": 3602.0, "open": 3604.0}
{"instrument_id": "rb1805", "date_time": "20180404 21:06:00", "high": 3604.0, "low": 3597.0, "close": 3599.0, "open": 3603.0}
{"instrument_id": "rb1805", "date_time": "20180404 21:09:00", "high": 3599.0000000000005, "low": 3590.0, "close": 3592.0, "open": 3599.0}
{"instrument_id": "rb1805", "date_time": "20180404 21:12:00", "high": 3595.0000000000005, "low": 3587.0, "close": 3587.0, "open": 3592.0}
{"instrument_id": "rb1805", "date_time": "20180404 21:15:00", "high": 3594.0000000000005, "low": 3587.0, "close": 3594.0, "open": 3587.0}
{"instrument_id": "rb1805", "date_time": "20180404 21:18:00", "high": 3594.0, "low": 3590.0, "close": 3590.0, "open": 3594.0}
{"instrument_id": "rb1805", "date_time": "20180404 21:21:00", "high": 3595.0, "low": 3589.0, "close": 3595.0, "open": 3590.0}
{"instrument_id": "rb1805", "date_time": "20180404 21:24:00", "high": 3596.0, "low": 3589.0, "close": 3591.0, "open": 3594.0}
{"instrument_id": "rb1805", "date_time": "20180404 21:27:00", "high": 3594.0000000000005, "low": 3589.0, "close": 3592.0, "open": 3591.0}
{"instrument_id": "rb1805", "date_time": "20180404 21:30:00", "high": 3597.0, "low": 3592.0, "close": 3595.0, "open": 3592.0}
{"instrument_id": "rb1805", "date_time": "20180404 21:33:00", "high": 3603.0000000000005, "low": 3594.0, "close": 3603.0, "open": 3595.0}
{"instrument_id": "rb1805", "date_time": "20180404 21:36:00", "high": 3607.0, "low": 3602.0, "close": 3604.0, "open": 3602.0000000000005}
{"instrument_id": "rb1805", "date_time": "20180404 21:39:00", "high": 3605.0000000000005, "low": 3601.0, "close": 3602.0, "open": 3604.0}
{"instrument_id": "rb1805", "date_time": "20180404 21:42:00", "high": 3603.0000000000005, "low": 3600.0, "close": 3600.0, "open": 3602.0}
{"instrument_id": "rb1805", "date_time": "20180404 21:45:00", "high": 3604.0, "low": 3599.0, "close": 3602.0, "open": 3600.0}
{"instrument_id": "rb1805", "date_time": "20180404 21:48:00", "high": 3603.0, "low": 3589.0, "close": 3592.0, "open": 3602.0}
{"instrument_id": "rb1805", "date_time": "20180404 21:51:00", "high": 3596.0, "low": 3591.0, "close": 3593.0, "open": 3593.0}
{"instrument_id": "rb1805", "date_time": "20180404 21:54:00", "high": 3596.0000000000005, "low": 3592.0, "close": 3594.0000000000005, "open": 3593.0}
{"instrument_id": "rb1805", "date_time": "20180404 21:57:00", "high": 3597.0, "low": 3592.0, "close": 3592.0000000000005, "open": 3594.0000000000005}
{"instrument_id": "rb1805", "date_time": "20180404 22:00:00", "high": 3595.0000000000005, "low": 3590.0, "close": 3591.0, "open": 3592.0000000000005}
{"instrument_id": "rb1805", "date_time": "20180404 22:03:00", "high": 3595.0, "low": 3591.0, "close": 3592.0, "open": 3591.0}
{"instrument_id": "rb1805", "date_time": "20180404 22:06:00", "high": 3595.0000000000005, "low": 3591.0, "close": 3593.0, "open": 3592.0}
{"instrument_id": "rb1805", "date_time": "20180404 22:09:00", "high": 3596.0000000000005, "low": 3593.0, "close": 3596.0, "open": 3593.0}
{"instrument_id": "rb1805", "date_time": "20180404 22:12:00", "high": 3596.0, "low": 3591.0, "close": 3592.0, "open": 3595.0}
{"instrument_id": "rb1805", "date_time": "20180404 22:15:00", "high": 3597.0, "low": 3590.0, "close": 3593.0, "open": 3592.0}
{"instrument_id": "rb1805", "date_time": "20180404 22:18:00", "high": 3595.0000000000005, "low": 3592.0, "close": 3593.0, "open": 3593.0}
{"instrument_id": "rb1805", "date_time": "20180404 22:21:00", "high": 3595.0000000000005, "low": 3592.0, "close": 3593.0, "open": 3593.0}
{"instrument_id": "rb1805", "date_time": "20180404 22:24:00", "high": 3595.0, "low": 3588.0, "close": 3590.0000000000005, "open": 3593.0}
{"instrument_id": "rb1805", "date_time": "20180404 22:27:00", "high": 3592.0, "low": 3581.0, "close": 3584.0, "open": 3589.0000000000005}
{"instrument_id": "rb1805", "date_time": "20180404 22:30:00", "high": 3590.0000000000005, "low": 3583.0, "close": 3587.0000000000005, "open": 3585.0}
{"instrument_id": "rb1805", "date_time": "20180404 22:33:00", "high": 3589.0, "low": 3586.0, "close": 3588.0, "open": 3586.0}
{"instrument_id": "rb1805", "date_time": "20180404 22:36:00", "high": 3591.0, "low": 3586.0, "close": 3590.0000000000005, "open": 3588.0}
{"instrument_id": "rb1805", "date_time": "20180404 22:39:00", "high": 3602.0, "low": 3590.0, "close": 3598.0, "open": 3591.0000000000005}
{"instrument_id": "rb1805", "date_time": "20180404 22:42:00", "high": 3601.0000000000005, "low": 3594.0, "close": 3595.0, "open": 3597.0}
{"instrument_id": "rb1805", "date_time": "20180404 22:45:00", "high": 3598.0, "low": 3593.0, "close": 3597.0000000000005, "open": 3595.0}
{"instrument_id": "rb1805", "date_time": "20180404 22:48:00", "high": 3599.0, "low": 3594.0, "close": 3598.0, "open": 3597.0000000000005}
{"instrument_id": "rb1805", "date_time": "20180404 22:51:00", "high": 3600.0, "low": 3595.0, "close": 3599.0, "open": 3599.0}
{"instrument_id": "rb1805", "date_time": "20180404 22:54:00", "high": 3604.0, "low": 3599.0, "close": 3602.0, "open": 3599.0}
{"instrument_id": "rb1805", "date_time": "20180404 22:57:00", "high": 3603.0, "low": 3599.0, "close": 3601.0, "open": 3602.0}
{"instrument_id": "rb1805", "date_time": "20180404 23:00:00", "high": 3601.0, "low": 3601.0, "close": 3601.0, "open": 3601.0}
{"instrument_id": "rb1805", "date_time": "20180404 21:12:00", "high": 3595.0000000000005, "low": 3587.0, "close": 3587.0, "open": 3592.0}
{"instrument_id": "rb1805", "date_time": "20180404 21:15:00", "high": 3594.0000000000005, "low": 3587.0, "close": 3592.0, "open": 3587.0}
{"instrument_id": "rb1805", "date_time": "20180404 21:57:00", "high": 3597.0, "low": 3592.0, "close": 3595.0000000000005, "open": 3594.0000000000005}
{"instrument_id": "rb1805", "date_time": "20180404 22:03:00", "high": 3595.0000000000005, "low": 3591.0, "close": 3592.0, "open": 3591.0}
{"instrument_id": "rb1805", "date_time": "20180404 22:06:00", "high": 3595.0000000000005, "low": 3591.0, "close": 3593.0, "open": 3592.0}
{"instrument_id": "rb1805", "date_time": "20180404 22:09:00", "high": 3596.0000000000005, "low": 3593.0, "close": 3596.0, "open": 3593.0}
{"instrument_id": "rb1805", "date_time": "20180404 22:12:00", "high": 3596.0, "low": 3591.0, "close": 3592.0, "open": 3595.0}
{"instrument_id": "rb1805", "date_time": "20180404 22:15:00", "high": 3597.0, "low": 3590.0, "close": 3593.0, "open": 3592.0}
{"instrument_id": "rb1805", "date_time": "20180404 22:18:00", "high": 3595.0000000000005, "low": 3592.0, "close": 3592.0, "open": 3593.0}
{"instrument_id": "rb1805", "date_time": "20180404 23:00:00", "high": 3601.0, "low": 3601.0, "close": 3601.0, "open": 3601.0}
{"instrument_id": "rb1805", "date_time": "20180404 22:18:00", "high": 3601.0, "low": 3592.0, "close": 3593.0, "open": 3593.0}
{"instrument_id": "rb1805", "date_time": "20180404 22:21:00", "high": 3595.0000000000005, "low": 3592.0, "close": 3593.0, "open": 3593.0}
{"instrument_id": "rb1805", "date_time": "20180404 22:24:00", "high": 3595.0, "low": 3588.0, "close": 3590.0000000000005, "open": 3593.0}
{"instrument_id": "rb1805", "date_time": "20180404 22:27:00", "high": 3592.0, "low": 3581.0, "close": 3584.0, "open": 3589.0000000000005}
{"instrument_id": "rb1805", "date_time": "20180404 22:30:00", "high": 3590.0000000000005, "low": 3583.0, "close": 3587.0000000000005, "open": 3585.0}
{"instrument_id": "rb1805", "date_time": "20180404 22:33:00",