{"instrument_id": "rb1810", "date_time": "20180411 15:00:00", "high": 3395.0000000000005, "low": 3395.0000000000005, "close": 3395.0000000000005, "open": 3395.0000000000005}
{"instrument_id": "rb1810", "date_time": "20180412 18:32:33", "high": 3395.0, "low": 3395.0, "close": 3395.0, "open": 3395.0}
{"instrument_id": "rb1810", "date_time": "20180412 20:59:00", "high": 3393.0, "low": 3393.0, "close": 3393.0, "open": 3393.0}
{"instrument_id": "rb1810", "date_time": "20180412 21:00:00", "high": 3406.0, "low": 3372.0, "close": 3391.0, "open": 3396.0000000000005}
{"instrument_id": "rb1810", "date_time": "20180412 22:00:00", "high": 3434.0, "low": 3387.0, "close": 3417.0, "open": 3390.0}
{"instrument_id": "rb1810", "date_time": "20180412 23:00:00", "high": 3417.0, "low": 3417.0, "close": 3417.0, "open": 3417.0}
{"instrument_id": "rb1810", "date_time": "20180412 22:00:00", "high": 3434.0, "low": 3387.0, "close": 3417.0, "open": 3390.0}
{"instrument_id": "rb1810", "date_time": "20180412 23:00:00", "high": 3417.0, "low": 3417.0, "close": 3417.0, "open": 3417.0}
{"instrument_id": "rb1810", "date_time": "20180412 09:00:00", "high": 3416.0, "low": 3374.0, "close": 3384.0, "open": 3414.0}
{"instrument_id": "rb1810", "date_time": "20180412 10:00:00", "high": 3403.0000000000005, "low": 3377.0, "close": 3394.0, "open": 3383.0}
{"instrument_id": "rb1810", "date_time": "20180412 11:00:00", "high": 3398.0000000000005, "low": 3385.0, "close": 3386.0, "open": 3394.0}
{"instrument_id": "rb1810", "date_time": "20180412 13:30:00", "high": 3418.0, "low": 3381.0, "close": 3405.0000000000005, "open": 3387.0}
{"instrument_id": "rb1810", "date_time": "20180412 14:00:00", "high": 3420.0, "low": 3398.0, "close": 3403.0, "open": 3405.0000000000005}
