{"instrument_id": "rb1810", "date_time": "20180509 09:04:41", "high": 3619.0000000000005, "low": 3606.0, "close": 3615.0, "open": 3611.0000000000005}
{"instrument_id": "rb1810", "date_time": "20180509 09:30:00", "high": 3619.0000000000005, "low": 3598.0, "close": 3604.0, "open": 3616.0}
{"instrument_id": "rb1810", "date_time": "20180509 10:00:00", "high": 3605.0, "low": 3586.0, "close": 3604.0, "open": 3604.0}
{"instrument_id": "rb1810", "date_time": "20180509 10:30:00", "high": 3606.0000000000005, "low": 3591.0, "close": 3596.0, "open": 3604.0}
{"instrument_id": "rb1810", "date_time": "20180509 11:00:00", "high": 3602.0, "low": 3588.0, "close": 3597.0, "open": 3596.0}
{"instrument_id": "rb1810", "date_time": "20180509 11:30:00", "high": 3596.0, "low": 3596.0, "close": 3596.0, "open": 3596.0}
{"instrument_id": "rb1810", "date_time": "20180509 13:30:00", "high": 3597.0000000000005, "low": 3580.0, "close": 3587.0, "open": 3595.0}
{"instrument_id": "rb1810", "date_time": "20180509 14:00:00", "high": 3588.0000000000005, "low": 3565.0, "close": 3567.0, "open": 3587.0}
{"instrument_id": "rb1810", "date_time": "20180509 14:30:00", "high": 3575.0000000000005, "low": 3563.0, "close": 3573.0, "open": 3566.0}
