{"instrument_id": "rb1810", "date_time": "20180329 15:00:00", "high": 3289.0, "low": 3289.0, "close": 3289.0, "open": 3289.0}
{"instrument_id": "rb1810", "date_time": "20180330 18:11:40", "high": 3289.0, "low": 3289.0, "close": 3289.0, "open": 3289.0}
{"instrument_id": "rb1810", "date_time": "20180330 18:36:46", "high": 3289.0, "low": 3289.0, "close": 3289.0, "open": 3289.0}
{"instrument_id": "rb1810", "date_time": "20180330 19:43:19", "high": 3289.0, "low": 3289.0, "close": 3289.0, "open": 3289.0}
{"instrument_id": "rb1810", "date_time": "20180330 20:59:00", "high": 3296.0, "low": 3296.0, "close": 3296.0, "open": 3296.0}
{"instrument_id": "rb1810", "date_time": "20180330 20:59:00", "high": 3296.0, "low": 3296.0, "close": 3296.0, "open": 3296.0}
{"instrument_id": "rb1810", "date_time": "20180330 21:00:00", "high": 3308.0, "low": 3284.0, "close": 3286.0, "open": 3295.0}
{"instrument_id": "rb1810", "date_time": "20180330 22:00:00", "high": 3303.0000000000005, "low": 3276.0, "close": 3299.0, "open": 3286.0}
{"instrument_id": "rb1810", "date_time": "20180330 09:15:11", "high": 3295.0, "low": 3273.0, "close": 3284.0, "open": 3289.0}
{"instrument_id": "rb1810", "date_time": "20180330 10:00:00", "high": 3292.0, "low": 3278.0, "close": 3288.0000000000005, "open": 3284.0}
{"instrument_id": "rb1810", "date_time": "20180330 11:00:00", "high": 3327.0000000000005, "low": 3285.0, "close": 3324.0, "open": 3289.0000000000005}
{"instrument_id": "rb1810", "date_time": "20180330 13:30:00", "high": 3370.0, "low": 3325.0, "close": 3358.0000000000005, "open": 3325.0}
{"instrument_id": "rb1810", "date_time": "20180330 14:00:00", "high": 3393.0000000000005, "low": 3352.0, "close": 3393.0, "open": 3358.0}
