{"instrument_id": "rb1805", "date_time": "20180413 15:18:10", "high": 3715.0, "low": 3715.0, "close": 3715.0, "open": 3715.0}
{"instrument_id": "rb1805", "date_time": "20180416 18:33:13", "high": 3715.0, "low": 3715.0, "close": 3715.0, "open": 3715.0}
{"instrument_id": "rb1805", "date_time": "20180416 20:59:00", "high": 3714.0, "low": 3714.0, "close": 3714.0, "open": 3714.0}
{"instrument_id": "rb1805", "date_time": "20180416 21:00:00", "high": 3719.0, "low": 3709.0, "close": 3717.0, "open": 3714.0}
{"instrument_id": "rb1805", "date_time": "20180416 21:02:00", "high": 3719.000000000001, "low": 3714.0, "close": 3718.0, "open": 3719.0}
{"instrument_id": "rb1805", "date_time": "20180416 21:04:00", "high": 3718.0, "low": 3715.0, "close": 3715.000000000001, "open": 3718.0}
{"instrument_id": "rb1805", "date_time": "20180416 21:06:00", "high": 3723.0, "low": 3714.0, "close": 3721.0, "open": 3715.000000000001}
{"instrument_id": "rb1805", "date_time": "20180416 21:08:00", "high": 3725.0, "low": 3718.0, "close": 3724.0, "open": 3721.0}
{"instrument_id": "rb1805", "date_time": "20180416 21:10:00", "high": 3724.0, "low": 3716.0, "close": 3718.0, "open": 3724.0}
{"instrument_id": "rb1805", "date_time": "20180416 21:12:00", "high": 3719.000000000001, "low": 3713.0, "close": 3714.000000000001, "open": 3718.0}
{"instrument_id": "rb1805", "date_time": "20180416 21:14:00", "high": 3717.0, "low": 3712.0, "close": 3715.0, "open": 3714.000000000001}
{"instrument_id": "rb1805", "date_time": "20180416 21:16:01", "high": 3717.000000000001, "low": 3715.0, "close": 3716.0, "open": 3715.0}
{"instrument_id": "rb1805", "date_time": "20180416 21:18:00", "high": 3716.0, "low": 3712.0, "close": 3713.0, "open": 3716.0}
{"instrument_id": "rb1805", "date_time": "20180416 21:20:00", "high": 3715.0, "low": 3712.0, "close": 3714.0, "open": 3713.0}
{"instrument_id": "rb1805", "date_time": "20180416 21:22:00", "high": 3717.000000000001, "low": 3714.0, "close": 3716.0, "open": 3714.0}
{"instrument_id": "rb1805", "date_time": "20180416 21:24:00", "high": 3716.000000000001, "low": 3714.0, "close": 3716.0, "open": 3716.0}
{"instrument_id": "rb1805", "date_time": "20180416 21:26:00", "high": 3717.0, "low": 3714.0, "close": 3715.0, "open": 3716.0}
{"instrument_id": "rb1805", "date_time": "20180416 21:28:00", "high": 3715.0, "low": 3713.0, "close": 3714.000000000001, "open": 3714.0}
{"instrument_id": "rb1805", "date_time": "20180416 21:30:00", "high": 3715.0, "low": 3712.0, "close": 3712.0, "open": 3714.000000000001}
{"instrument_id": "rb1805", "date_time": "20180416 21:32:00", "high": 3715.0, "low": 3712.0, "close": 3713.0, "open": 3712.0}
{"instrument_id": "rb1805", "date_time": "20180416 21:34:00", "high": 3715.0, "low": 3712.0, "close": 3712.0, "open": 3713.0}
{"instrument_id": "rb1805", "date_time": "20180416 21:36:00", "high": 3715.0, "low": 3712.0, "close": 3714.0, "open": 3713.0}
{"instrument_id": "rb1805", "date_time": "20180416 21:38:00", "high": 3716.000000000001, "low": 3713.0, "close": 3715.0, "open": 3714.0}
{"instrument_id": "rb1805", "date_time": "20180416 21:40:00", "high": 3716.000000000001, "low": 3714.0, "close": 3715.000000000001, "open": 3715.0}
{"instrument_id": "rb1805", "date_time": "20180416 21:42:00", "high": 3715.0, "low": 3713.0, "close": 3713.0, "open": 3714.0}
{"instrument_id": "rb1805", "date_time": "20180416 21:44:00", "high": 3714.000000000001, "low": 3712.0, "close": 3713.0, "open": 3713.0}
{"instrument_id": "rb1805", "date_time": "20180416 21:46:01", "high": 3713.0, "low": 3711.0, "close": 3712.0, "open": 3713.0}
{"instrument_id": "rb1805", "date_time": "20180416 21:48:00", "high": 3715.0, "low": 3712.0, "close": 3715.0, "open": 3712.0}
{"instrument_id": "rb1805", "date_time": "20180416 21:50:00", "high": 3716.000000000001, "low": 3712.000000000001, "close": 3714.0, "open": 3715.0}
{"instrument_id": "rb1805", "date_time": "20180416 21:52:00", "high": 3714.0, "low": 3713.0, "close": 3714.0, "open": 3714.0}
{"instrument_id": "rb1805", "date_time": "20180416 21:54:00", "high": 3715.0, "low": 3713.0, "close": 3715.0, "open": 3714.0}
{"instrument_id": "rb1805", "date_time": "20180416 21:56:00", "high": 3716.000000000001, "low": 3713.0, "close": 3713.0, "open": 3715.0}
{"instrument_id": "rb1805", "date_time": "20180416 21:58:00", "high": 3714.0, "low": 3713.0, "close": 3714.0, "open": 3713.0}
{"instrument_id": "rb1805", "date_time": "20180416 22:00:00", "high": 3716.000000000001, "low": 3713.0, "close": 3715.0, "open": 3713.0}
{"instrument_id": "rb1805", "date_time": "20180416 22:02:00", "high": 3716.0, "low": 3714.0, "close": 3716.0, "open": 3715.0}
{"instrument_id": "rb1805", "date_time": "20180416 22:04:00", "high": 3716.0, "low": 3713.0, "close": 3715.0, "open": 3715.0}
{"instrument_id": "rb1805", "date_time": "20180416 22:06:01", "high": 3715.0, "low": 3713.0, "close": 3713.0, "open": 3715.0}
{"instrument_id": "rb1805", "date_time": "20180416 22:08:00", "high": 3714.0, "low": 3713.0, "close": 3713.0, "open": 3713.0}
{"instrument_id": "rb1805", "date_time": "20180416 22:10:01", "high": 3715.000000000001, "low": 3712.0, "close": 3712.0, "open": 3713.0}
{"instrument_id": "rb1805", "date_time": "20180416 22:12:00", "high": 3713.0, "low": 3710.0, "close": 3710.0, "open": 3712.0}
{"instrument_id": "rb1805", "date_time": "20180416 22:14:00", "high": 3717.0, "low": 3710.0, "close": 3713.0000000000005, "open": 3710.0}
{"instrument_id": "rb1805", "date_time": "20180416 22:16:00", "high": 3715.0, "low": 3712.0, "close": 3713.0, "open": 3713.0000000000005}
{"instrument_id": "rb1805", "date_time": "20180416 22:18:00", "high": 3714.0, "low": 3713.0, "close": 3714.0, "open": 3713.0}
{"instrument_id": "rb1805", "date_time": "20180416 22:20:00", "high": 3714.0, "low": 3711.0, "close": 3712.0, "open": 3714.0}
{"instrument_id": "rb1805", "date_time": "20180416 22:22:00", "high": 3714.0, "low": 3712.0, "close": 3712.0, "open": 3712.0}
{"instrument_id": "rb1805", "date_time": "20180416 22:24:00", "high": 3712.000000000001, "low": 3709.0, "close": 3710.0, "open": 3712.0}
{"instrument_id": "rb1805", "date_time": "20180416 22:26:00", "high": 3710.0, "low": 3707.0, "close": 3709.0, "open": 3710.0}
{"instrument_id": "rb1805", "date_time": "20180416 22:28:00", "high": 3710.0, "low": 3705.0, "close": 3708.0, "open": 3709.0}
{"instrument_id": "rb1805", "date_time": "20180416 22:30:00", "high": 3712.000000000001, "low": 3707.0, "close": 3712.0000000000005, "open": 3708.0}
{"instrument_id": "rb1805", "date_time": "20180416 22:32:00", "high": 3712.0000000000005, "low": 3707.000000000001, "close": 3709.000000000001, "open": 3712.0000000000005}
{"instrument_id": "rb1805", "date_time": "20180416 22:34:00", "high": 3711.0, "low": 3708.0, "close": 3710.0, "open": 3709.000000000001}
{"instrument_id": "rb1805", "date_time": "20180416 22:36:00", "high": 3711.0, "low": 3709.0, "close": 3710.0, "open": 3710.0}
{"instrument_id": "rb1805", "date_time": "20180416 22:38:00", "high": 3711.0, "low": 3707.0, "close": 3708.000000000001, "open": 3710.0}
{"instrument_id": "rb1805", "date_time": "20180416 22:40:00", "high": 3710.0, "low": 3708.000000000001, "close": 3709.0, "open": 3708.000000000001}
{"instrument_id": "rb1805", "date_time": "20180416 22:42:01", "high": 3710.0, "low": 3708.000000000001, "close": 3710.0, "open": 3709.0}
{"instrument_id": "rb1805", "date_time": "20180416 22:44:00", "high": 3710.0000000000005, "low": 3709.0, "close": 3710.0, "open": 3710.0}
{"instrument_id": "rb1805", "date_time": "20180416 22:46:01", "high": 3710.0, "low": 3709.0, "close": 3710.0, "open": 3710.0}
{"instrument_id": "rb1805", "date_time": "20180416 22:48:01", "high": 3712.0, "low": 3709.0, "close": 3712.0, "open": 3711.000000000001}
{"instrument_id": "rb1805", "date_time": "20180416 22:50:00", "high": 3712.0, "low": 3709.0, "close": 3709.0, "open": 3712.0}
{"instrument_id": "rb1805", "date_time": "20180416 22:52:00", "high": 3711.0, "low": 3707.0, "close": 3709.0, "open": 3709.0}
{"instrument_id": "rb1805",