{"instrument_id": "rb1805", "date_time": "20180411 15:25:31", "high": 3663.0, "low": 3663.0, "close": 3663.0, "open": 3663.0}
{"instrument_id": "rb1805", "date_time": "20180412 18:32:33", "high": 3663.0, "low": 3663.0, "close": 3663.0, "open": 3663.0}
{"instrument_id": "rb1805", "date_time": "20180412 20:59:00", "high": 3659.0, "low": 3659.0, "close": 3659.0, "open": 3659.0}
{"instrument_id": "rb1805", "date_time": "20180412 21:00:00", "high": 3660.0, "low": 3640.0, "close": 3641.0, "open": 3658.0}
{"instrument_id": "rb1805", "date_time": "20180412 21:10:00", "high": 3647.0, "low": 3634.0, "close": 3640.0, "open": 3641.0}
{"instrument_id": "rb1805", "date_time": "20180412 21:20:00", "high": 3646.0000000000005, "low": 3639.0, "close": 3644.0, "open": 3640.0}
{"instrument_id": "rb1805", "date_time": "20180412 21:30:00", "high": 3670.0, "low": 3642.0, "close": 3661.0, "open": 3644.0}
{"instrument_id": "rb1805", "date_time": "20180412 21:40:00", "high": 3665.000000000001, "low": 3657.0, "close": 3663.0, "open": 3660.0}
{"instrument_id": "rb1805", "date_time": "20180412 21:50:00", "high": 3664.0, "low": 3657.0, "close": 3659.0, "open": 3663.0}
{"instrument_id": "rb1805", "date_time": "20180412 22:00:00", "high": 3664.000000000001, "low": 3656.0, "close": 3664.0, "open": 3657.0}
{"instrument_id": "rb1805", "date_time": "20180412 22:10:00", "high": 3664.000000000001, "low": 3658.0, "close": 3661.000000000001, "open": 3664.0}
{"instrument_id": "rb1805", "date_time": "20180412 22:20:00", "high": 3669.0, "low": 3659.0, "close": 3667.0, "open": 3661.000000000001}
{"instrument_id": "rb1805", "date_time": "20180412 22:30:00", "high": 3669.0, "low": 3662.0, "close": 3663.0, "open": 3667.0}
{"instrument_id": "rb1805", "date_time": "20180412 22:40:00", "high": 3666.0, "low": 3661.0, "close": 3665.0, "open": 3663.0}
{"instrument_id": "rb1805", "date_time": "20180412 22:50:00", "high": 3691.0, "low": 3663.000000000001, "close": 3680.0, "open": 3665.0}
{"instrument_id": "rb1805", "date_time": "20180412 23:00:00", "high": 3678.0, "low": 3678.0, "close": 3678.0, "open": 3678.0}
{"instrument_id": "rb1805", "date_time": "20180412 22:20:00", "high": 3669.0, "low": 3659.0, "close": 3667.0, "open": 3661.000000000001}
{"instrument_id": "rb1805", "date_time": "20180412 22:30:00", "high": 3669.0, "low": 3662.0, "close": 3663.0, "open": 3667.0}
{"instrument_id": "rb1805", "date_time": "20180412 22:40:00", "high": 3666.0, "low": 3661.0, "close": 3665.0, "open": 3663.0}
{"instrument_id": "rb1805", "date_time": "20180412 22:50:00", "high": 3691.0, "low": 3663.000000000001, "close": 3680.0, "open": 3665.0}
{"instrument_id": "rb1805", "date_time": "20180412 23:00:00", "high": 3678.0, "low": 3678.0, "close": 3678.0, "open": 3678.0}
{"instrument_id": "rb1805", "date_time": "20180412 09:00:00", "high": 3676.000000000001, "low": 3661.0, "close": 3668.0, "open": 3676.000000000001}
{"instrument_id": "rb1805", "date_time": "20180412 09:10:00", "high": 3668.0, "low": 3663.0, "close": 3667.0, "open": 3668.0}
{"instrument_id": "rb1805", "date_time": "20180412 09:20:00", "high": 3667.0, "low": 3656.0, "close": 3658.0, "open": 3667.0}
{"instrument_id": "rb1805", "date_time": "20180412 09:30:00", "high": 3662.0, "low": 3655.0, "close": 3660.0000000000005, "open": 3658.0}
{"instrument_id": "rb1805", "date_time": "20180412 09:40:00", "high": 3662.0, "low": 3652.0, "close": 3655.0, "open": 3659.0}
{"instrument_id": "rb1805", "date_time": "20180412 09:50:00", "high": 3660.0, "low": 3649.0, "close": 3659.0, "open": 3655.0}
{"instrument_id": "rb1805", "date_time": "20180412 10:00:00", "high": 3662.0, "low": 3654.0, "close": 3659.0, "open": 3658.0000000000005}
{"instrument_id": "rb1805", "date_time": "20180412 10:10:00", "high": 3667.000000000001, "low": 3658.0, "close": 3659.0000000000005, "open": 3659.0}
{"instrument_id": "rb1805", "date_time": "20180412 10:30:00", "high": 3666.000000000001, "low": 3658.0, "close": 3664.0, "open": 3661.0}
{"instrument_id": "rb1805", "date_time": "20180412 10:40:00", "high": 3665.0, "low": 3661.0, "close": 3662.0, "open": 3664.0}
{"instrument_id": "rb1805", "date_time": "20180412 10:50:00", "high": 3664.0, "low": 3655.0, "close": 3656.0, "open": 3662.0}
{"instrument_id": "rb1805", "date_time": "20180412 11:00:00", "high": 3658.0, "low": 3647.0, "close": 3652.0, "open": 3655.0}
{"instrument_id": "rb1805", "date_time": "20180412 11:10:00", "high": 3657.0, "low": 3650.0, "close": 3654.0, "open": 3652.0}
{"instrument_id": "rb1805", "date_time": "20180412 11:20:00", "high": 3662.0, "low": 3654.0, "close": 3658.0, "open": 3654.0}
{"instrument_id": "rb1805", "date_time": "20180412 11:30:00", "high": 3658.0, "low": 3658.0, "close": 3658.0, "open": 3658.0}
{"instrument_id": "rb1805", "date_time": "20180412 13:30:00", "high": 3663.000000000001, "low": 3653.0, "close": 3662.000000000001, "open": 3662.0}
{"instrument_id": "rb1805", "date_time": "20180412 13:40:00", "high": 3684.0, "low": 3662.0, "close": 3676.000000000001, "open": 3662.000000000001}
{"instrument_id": "rb1805", "date_time": "20180412 13:50:00", "high": 3678.0, "low": 3666.0, "close": 3669.0, "open": 3677.000000000001}
{"instrument_id": "rb1805", "date_time": "20180412 14:00:00", "high": 3678.000000000001, "low": 3667.0, "close": 3673.0, "open": 3669.0}
{"instrument_id": "rb1805", "date_time": "20180412 14:10:00", "high": 3674.0, "low": 3667.0, "close": 3672.0, "open": 3673.0}
{"instrument_id": "rb1805", "date_time": "20180412 14:20:00", "high": 3684.000000000001, "low": 3671.0, "close": 3682.0, "open": 3672.0}
{"instrument_id": "rb1805", "date_time": "20180412 14:30:00", "high": 3684.000000000001, "low": 3670.0, "close": 3671.0, "open": 3682.0}
{"instrument_id": "rb1805", "date_time": "20180412 14:40:00", "high": 3676.0, "low": 3670.0, "close": 3671.0, "open": 3671.0}
{"instrument_id": "rb1805", "date_time": "20180412 14:50:00", "high": 3673.0, "low": 3666.0, "close": 3671.0, "open": 3671.0}
{"instrument_id": "rb1805", "date_time": "20180412 15:00:00", "high": 3671.0, "low": 3671.0, "close": 3671.0, "open": 3671.0}
