{"instrument_id": "rb1810", "date_time": "20180329 15:18:28", "high": 3289.0, "low": 3289.0, "close": 3289.0, "open": 3289.0}
{"instrument_id": "rb1810", "date_time": "20180330 18:11:40", "high": 3289.0, "low": 3289.0, "close": 3289.0, "open": 3289.0}
{"instrument_id": "rb1810", "date_time": "20180330 18:36:46", "high": 3289.0, "low": 3289.0, "close": 3289.0, "open": 3289.0}
{"instrument_id": "rb1810", "date_time": "20180330 19:43:19", "high": 3289.0, "low": 3289.0, "close": 3289.0, "open": 3289.0}
{"instrument_id": "rb1810", "date_time": "20180330 20:59:00", "high": 3298.0, "low": 3290.0, "close": 3296.0, "open": 3296.0}
{"instrument_id": "rb1810", "date_time": "20180330 20:59:00", "high": 3298.0, "low": 3290.0, "close": 3296.0, "open": 3296.0}
{"instrument_id": "rb1810", "date_time": "20180330 21:02:00", "high": 3307.0, "low": 3293.0, "close": 3305.0, "open": 3295.000000000001}
{"instrument_id": "rb1810", "date_time": "20180330 21:15:00", "high": 3308.0, "low": 3291.0, "close": 3292.0, "open": 3304.0}
{"instrument_id": "rb1810", "date_time": "20180330 21:28:00", "high": 3294.0000000000005, "low": 3284.0, "close": 3285.0, "open": 3292.0}
{"instrument_id": "rb1810", "date_time": "20180330 21:41:00", "high": 3291.0000000000005, "low": 3284.0, "close": 3286.0, "open": 3285.0}
{"instrument_id": "rb1810", "date_time": "20180330 21:54:00", "high": 3291.0000000000005, "low": 3276.0, "close": 3281.0, "open": 3286.0}
{"instrument_id": "rb1810", "date_time": "20180330 22:07:00", "high": 3287.0, "low": 3277.0, "close": 3286.0, "open": 3281.0}
{"instrument_id": "rb1810", "date_time": "20180330 22:20:00", "high": 3289.0, "low": 3282.0, "close": 3282.0, "open": 3286.0}
{"instrument_id": "rb1810", "date_time": "20180330 22:33:00", "high": 3289.0000000000005, "low": 3279.0, "close": 3286.0, "open": 3282.0}
{"instrument_id": "rb1810", "date_time": "20180330 22:46:00", "high": 3303.0000000000005, "low": 3285.0, "close": 3297.0, "open": 3285.0000000000005}
{"instrument_id": "rb1810", "date_time": "20180330 09:15:11", "high": 3290.0000000000005, "low": 3285.0, "close": 3288.0, "open": 3289.0}
{"instrument_id": "rb1810", "date_time": "20180330 09:20:00", "high": 3295.0, "low": 3281.0, "close": 3290.0, "open": 3288.0}
{"instrument_id": "rb1810", "date_time": "20180330 09:33:00", "high": 3295.0, "low": 3273.0, "close": 3281.0, "open": 3289.0}
{"instrument_id": "rb1810", "date_time": "20180330 09:46:00", "high": 3287.0000000000005, "low": 3276.0, "close": 3283.0, "open": 3281.0}
{"instrument_id": "rb1810", "date_time": "20180330 09:59:00", "high": 3290.0000000000005, "low": 3278.0, "close": 3287.0, "open": 3282.0}
{"instrument_id": "rb1810", "date_time": "20180330 10:12:00", "high": 3288.0000000000005, "low": 3285.0, "close": 3287.0, "open": 3287.0}
{"instrument_id": "rb1810", "date_time": "20180330 10:30:00", "high": 3292.0, "low": 3279.0, "close": 3281.0000000000005, "open": 3287.0000000000005}
{"instrument_id": "rb1810", "date_time": "20180330 10:38:00", "high": 3285.0000000000005, "low": 3278.0, "close": 3284.0000000000005, "open": 3281.0000000000005}
{"instrument_id": "rb1810", "date_time": "20180330 10:51:00", "high": 3296.0000000000005, "low": 3283.0, "close": 3292.0, "open": 3285.0}
{"instrument_id": "rb1810", "date_time": "20180330 11:04:00", "high": 3296.0000000000005, "low": 3285.0, "close": 3295.0, "open": 3292.0}
{"instrument_id": "rb1810", "date_time": "20180330 11:17:00", "high": 3327.0000000000005, "low": 3292.0, "close": 3324.0000000000005, "open": 3295.0}
{"instrument_id": "rb1810", "date_time": "20180330 11:30:00", "high": 3324.0, "low": 3324.0, "close": 3324.0, "open": 3324.0}
{"instrument_id": "rb1810", "date_time": "20180330 13:30:00", "high": 3359.0, "low": 3325.0, "close": 3359.0, "open": 3325.0}
{"instrument_id": "rb1810", "date_time": "20180330 13:40:00", "high": 3370.0, "low": 3352.0, "close": 3354.0000000000005, "open": 3360.0}
{"instrument_id": "rb1810", "date_time": "20180330 13:53:00", "high": 3361.0, "low": 3352.0, "close": 3358.0, "open": 3354.0}
{"instrument_id": "rb1810", "date_time": "20180330 14:06:00", "high": 3360.0000000000005, "low": 3353.0, "close": 3355.0000000000005, "open": 3358.0}
{"instrument_id": "rb1810", "date_time": "20180330 14:19:00", "high": 3377.0000000000005, "low": 3355.0, "close": 3374.0, "open": 3355.0000000000005}
{"instrument_id": "rb1810", "date_time": "20180330 14:32:00", "high": 3380.0000000000005, "low": 3367.0, "close": 3369.0, "open": 3375.0}
{"instrument_id": "rb1810", "date_time": "20180330 14:45:00", "high": 3392.0000000000005, "low": 3360.0, "close": 3388.0, "open": 3370.0000000000005}
{"instrument_id": "rb1810", "date_time": "20180330 14:58:00", "high": 3393.0000000000005, "low": 3383.0, "close": 3391.0, "open": 3387.0}
