{"instrument_id": "rb1810", "date_time": "20180413 15:18:10", "high": 3452.0, "low": 3452.0, "close": 3452.0, "open": 3452.0}
{"instrument_id": "rb1810", "date_time": "20180416 18:33:13", "high": 3452.0, "low": 3452.0, "close": 3452.0, "open": 3452.0}
{"instrument_id": "rb1810", "date_time": "20180416 20:59:00", "high": 3450.0, "low": 3450.0, "close": 3450.0, "open": 3450.0}
{"instrument_id": "rb1810", "date_time": "20180416 21:00:00", "high": 3460.0, "low": 3447.0, "close": 3450.0000000000005, "open": 3451.0}
{"instrument_id": "rb1810", "date_time": "20180416 21:15:00", "high": 3450.0000000000005, "low": 3443.0, "close": 3450.0, "open": 3449.0}
{"instrument_id": "rb1810", "date_time": "20180416 21:30:00", "high": 3453.0000000000005, "low": 3446.0, "close": 3449.0, "open": 3450.0}
{"instrument_id": "rb1810", "date_time": "20180416 21:45:00", "high": 3455.0000000000005, "low": 3447.0, "close": 3452.0000000000005, "open": 3449.0}
{"instrument_id": "rb1810", "date_time": "20180416 22:00:00", "high": 3460.0, "low": 3451.0, "close": 3458.0, "open": 3453.0}
{"instrument_id": "rb1810", "date_time": "20180416 22:15:00", "high": 3462.0, "low": 3449.0, "close": 3452.0, "open": 3459.0}
{"instrument_id": "rb1810", "date_time": "20180416 22:30:00", "high": 3458.0, "low": 3450.0, "close": 3454.0, "open": 3452.0}
{"instrument_id": "rb1810", "date_time": "20180416 22:45:00", "high": 3457.0, "low": 3436.0, "close": 3438.0, "open": 3453.0}
