{"instrument_id": "rb1805", "date_time": "20180411 15:25:31", "high": 3663.0, "low": 3663.0, "close": 3663.0, "open": 3663.0}
{"instrument_id": "rb1805", "date_time": "20180412 18:32:33", "high": 3663.0, "low": 3663.0, "close": 3663.0, "open": 3663.0}
{"instrument_id": "rb1805", "date_time": "20180412 20:59:00", "high": 3660.0, "low": 3654.0, "close": 3655.0, "open": 3659.0}
{"instrument_id": "rb1805", "date_time": "20180412 21:02:00", "high": 3659.0, "low": 3634.0, "close": 3639.0, "open": 3655.0}
{"instrument_id": "rb1805", "date_time": "20180412 21:15:00", "high": 3644.0000000000005, "low": 3635.0, "close": 3642.0000000000005, "open": 3637.0}
{"instrument_id": "rb1805", "date_time": "20180412 21:28:00", "high": 3670.0, "low": 3642.0, "close": 3658.0000000000005, "open": 3642.0000000000005}
{"instrument_id": "rb1805", "date_time": "20180412 21:41:00", "high": 3665.000000000001, "low": 3658.0, "close": 3661.000000000001, "open": 3658.0000000000005}
{"instrument_id": "rb1805", "date_time": "20180412 21:54:00", "high": 3662.000000000001, "low": 3656.0, "close": 3659.0, "open": 3661.000000000001}
{"instrument_id": "rb1805", "date_time": "20180412 22:07:00", "high": 3664.000000000001, "low": 3658.0, "close": 3661.000000000001, "open": 3659.0}
{"instrument_id": "rb1805", "date_time": "20180412 22:20:00", "high": 3669.0, "low": 3659.0, "close": 3666.0, "open": 3661.000000000001}
{"instrument_id": "rb1805", "date_time": "20180412 22:33:00", "high": 3667.0, "low": 3661.0, "close": 3665.0, "open": 3666.0}
{"instrument_id": "rb1805", "date_time": "20180412 22:46:00", "high": 3691.0, "low": 3662.0, "close": 3677.000000000001, "open": 3665.0}
{"instrument_id": "rb1805", "date_time": "20180412 22:59:00", "high": 3681.0, "low": 3672.0, "close": 3678.0, "open": 3677.000000000001}
{"instrument_id": "rb1805", "date_time": "20180412 22:20:00", "high": 3669.0, "low": 3659.0, "close": 3666.0, "open": 3661.000000000001}
{"instrument_id": "rb1805", "date_time": "20180412 22:33:00", "high": 3667.0, "low": 3661.0, "close": 3665.0, "open": 3666.0}
{"instrument_id": "rb1805", "date_time": "20180412 22:46:00", "high": 3691.0, "low": 3662.0, "close": 3677.000000000001, "open": 3665.0}
{"instrument_id": "rb1805", "date_time": "20180412 22:59:00", "high": 3681.0, "low": 3672.0, "close": 3678.0, "open": 3677.000000000001}
{"instrument_id": "rb1805", "date_time": "20180412 09:00:00", "high": 3676.000000000001, "low": 3661.0, "close": 3671.0, "open": 3676.000000000001}
{"instrument_id": "rb1805", "date_time": "20180412 09:07:00", "high": 3672.0, "low": 3663.0, "close": 3667.0, "open": 3671.0}
{"instrument_id": "rb1805", "date_time": "20180412 09:20:00", "high": 3667.0, "low": 3655.0, "close": 3659.0000000000005, "open": 3667.0}
{"instrument_id": "rb1805", "date_time": "20180412 09:33:00", "high": 3662.0, "low": 3656.0, "close": 3658.0, "open": 3659.0000000000005}
{"instrument_id": "rb1805", "date_time": "20180412 09:46:00", "high": 3658.0, "low": 3649.0, "close": 3657.0, "open": 3658.0}
{"instrument_id": "rb1805", "date_time": "20180412 09:59:00", "high": 3667.000000000001, "low": 3653.0, "close": 3665.0, "open": 3657.0}
{"instrument_id": "rb1805", "date_time": "20180412 10:12:00", "high": 3666.0, "low": 3658.0, "close": 3659.0000000000005, "open": 3665.0}
{"instrument_id": "rb1805", "date_time": "20180412 10:30:00", "high": 3666.000000000001, "low": 3658.0, "close": 3664.000000000001, "open": 3661.0}
{"instrument_id": "rb1805", "date_time": "20180412 10:38:00", "high": 3665.000000000001, "low": 3660.0, "close": 3661.0, "open": 3664.000000000001}
{"instrument_id": "rb1805", "date_time": "20180412 10:51:00", "high": 3664.0, "low": 3647.0, "close": 3647.0, "open": 3661.0}
{"instrument_id": "rb1805", "date_time": "20180412 11:04:00", "high": 3657.0, "low": 3647.0, "close": 3651.0, "open": 3647.0}
{"instrument_id": "rb1805", "date_time": "20180412 11:17:00", "high": 3662.0, "low": 3652.0, "close": 3658.0, "open": 3652.0}
{"instrument_id": "rb1805", "date_time": "20180412 11:30:00", "high": 3658.0, "low": 3658.0, "close": 3658.0, "open": 3658.0}
{"instrument_id": "rb1805", "date_time": "20180412 13:30:00", "high": 3663.000000000001, "low": 3653.0, "close": 3662.000000000001, "open": 3662.0}
{"instrument_id": "rb1805", "date_time": "20180412 13:40:00", "high": 3684.0, "low": 3662.0, "close": 3675.0, "open": 3662.000000000001}
{"instrument_id": "rb1805", "date_time": "20180412 13:53:00", "high": 3678.000000000001, "low": 3666.0, "close": 3672.0, "open": 3675.0}
{"instrument_id": "rb1805", "date_time": "20180412 14:06:00", "high": 3676.0, "low": 3667.0, "close": 3673.0, "open": 3673.0000000000005}
{"instrument_id": "rb1805", "date_time": "20180412 14:19:00", "high": 3684.000000000001, "low": 3671.0, "close": 3674.0, "open": 3673.0}
{"instrument_id": "rb1805", "date_time": "20180412 14:32:00", "high": 3676.0, "low": 3670.0, "close": 3674.0, "open": 3674.0}
{"instrument_id": "rb1805", "date_time": "20180412 14:45:00", "high": 3674.0, "low": 3668.0, "close": 3672.0, "open": 3673.0}
{"instrument_id": "rb1805", "date_time": "20180412 14:58:00", "high": 3673.0, "low": 3666.0, "close": 3671.0, "open": 3672.0}
