{"instrument_id": "rb1805", "date_time": "20180412 15:00:00", "high": 3671.0, "low": 3671.0, "close": 3671.0, "open": 3671.0}
{"instrument_id": "rb1805", "date_time": "20180413 18:32:12", "high": 3671.0, "low": 3671.0, "close": 3671.0, "open": 3671.0}
{"instrument_id": "rb1805", "date_time": "20180413 20:59:00", "high": 3664.0, "low": 3664.0, "close": 3664.0, "open": 3664.0}
{"instrument_id": "rb1805", "date_time": "20180413 21:00:00", "high": 3668.0, "low": 3649.0, "close": 3662.000000000001, "open": 3666.0}
{"instrument_id": "rb1805", "date_time": "20180413 22:00:00", "high": 3676.0, "low": 3657.0, "close": 3662.0, "open": 3662.000000000001}
{"instrument_id": "rb1805", "date_time": "20180413 23:00:00", "high": 3662.0, "low": 3662.0, "close": 3662.0, "open": 3662.0}
{"instrument_id": "rb1805", "date_time": "20180413 21:00:00", "high": 3668.0, "low": 3649.0, "close": 3662.000000000001, "open": 3666.0}
{"instrument_id": "rb1805", "date_time": "20180413 22:00:00", "high": 3676.0, "low": 3657.0, "close": 3662.0, "open": 3662.000000000001}
{"instrument_id": "rb1805", "date_time": "20180413 23:00:00", "high": 3662.0, "low": 3662.0, "close": 3662.0, "open": 3662.0}
{"instrument_id": "rb1805", "date_time": "20180413 09:00:00", "high": 3690.0, "low": 3661.0, "close": 3683.0, "open": 3662.0}
{"instrument_id": "rb1805", "date_time": "20180413 10:00:00", "high": 3689.0, "low": 3678.0, "close": 3683.0, "open": 3684.0}
{"instrument_id": "rb1805", "date_time": "20180413 11:00:00", "high": 3697.0, "low": 3683.0, "close": 3693.000000000001, "open": 3683.0}
{"instrument_id": "rb1805", "date_time": "20180413 13:30:00", "high": 3715.0, "low": 3694.0, "close": 3705.0, "open": 3694.0}
{"instrument_id": "rb1805", "date_time": "20180413 14:00:00", "high": 3717.000000000001, "low": 3698.0, "close": 3714.0, "open": 3705.0}
