{"instrument_id": "rb1805", "date_time": "20180329 15:00:00", "high": 3479.0, "low": 3479.0, "close": 3479.0, "open": 3479.0}
{"instrument_id": "rb1805", "date_time": "20180330 18:11:40", "high": 3479.0, "low": 3479.0, "close": 3479.0, "open": 3479.0}
{"instrument_id": "rb1805", "date_time": "20180330 18:36:46", "high": 3479.0, "low": 3479.0, "close": 3479.0, "open": 3479.0}
{"instrument_id": "rb1805", "date_time": "20180330 19:43:19", "high": 3479.0, "low": 3479.0, "close": 3479.0, "open": 3479.0}
{"instrument_id": "rb1805", "date_time": "20180330 20:59:00", "high": 3483.0, "low": 3483.0, "close": 3483.0, "open": 3483.0}
{"instrument_id": "rb1805", "date_time": "20180330 20:59:00", "high": 3483.0, "low": 3483.0, "close": 3483.0, "open": 3483.0}
{"instrument_id": "rb1805", "date_time": "20180330 21:00:00", "high": 3505.0000000000005, "low": 3480.0, "close": 3490.0, "open": 3484.0}
{"instrument_id": "rb1805", "date_time": "20180330 22:00:00", "high": 3503.0, "low": 3484.0, "close": 3503.0, "open": 3490.0}
{"instrument_id": "rb1805", "date_time": "20180330 09:15:11", "high": 3489.0000000000005, "low": 3476.0, "close": 3484.0, "open": 3486.0}
{"instrument_id": "rb1805", "date_time": "20180330 10:00:00", "high": 3496.0000000000005, "low": 3475.0, "close": 3492.0000000000005, "open": 3483.0}
{"instrument_id": "rb1805", "date_time": "20180330 11:00:00", "high": 3514.0000000000005, "low": 3486.0, "close": 3509.0, "open": 3492.0000000000005}
{"instrument_id": "rb1805", "date_time": "20180330 13:30:00", "high": 3564.0000000000005, "low": 3509.0000000000005, "close": 3554.0, "open": 3509.0000000000005}
{"instrument_id": "rb1805", "date_time": "20180330 14:00:00", "high": 3595.0, "low": 3547.0, "close": 3591.0, "open": 3554.0}
