{"instrument_id": "rb1805", "date_time": "20180402 22:13:57", "high": 3594.0, "low": 3592.0, "close": 3593.0, "open": 3593.0}
{"instrument_id": "rb1805", "date_time": "20180402 22:15:00", "high": 3596.0, "low": 3590.0, "close": 3596.0, "open": 3592.0}
{"instrument_id": "rb1805", "date_time": "20180402 22:20:00", "high": 3601.0000000000005, "low": 3594.0, "close": 3596.0, "open": 3595.0}
{"instrument_id": "rb1805", "date_time": "20180402 22:25:00", "high": 3598.0, "low": 3592.0, "close": 3594.0, "open": 3596.0}
{"instrument_id": "rb1805", "date_time": "20180402 22:30:00", "high": 3602.0000000000005, "low": 3588.0, "close": 3589.0, "open": 3594.0}
{"instrument_id": "rb1805", "date_time": "20180402 22:35:00", "high": 3593.0, "low": 3589.0, "close": 3593.0, "open": 3589.0}
{"instrument_id": "rb1805", "date_time": "20180402 22:40:00", "high": 3598.0000000000005, "low": 3592.0, "close": 3595.0, "open": 3593.0}
{"instrument_id": "rb1805", "date_time": "20180402 22:45:00", "high": 3602.0000000000005, "low": 3593.0, "close": 3601.0, "open": 3595.0}
{"instrument_id": "rb1805", "date_time": "20180402 22:50:00", "high": 3608.0, "low": 3598.0, "close": 3607.0000000000005, "open": 3601.0}
{"instrument_id": "rb1805", "date_time": "20180402 22:55:00", "high": 3615.0000000000005, "low": 3606.0, "close": 3615.0, "open": 3607.0}
{"instrument_id": "rb1805", "date_time": "20180402 23:00:00", "high": 3614.0, "low": 3614.0, "close": 3614.0, "open": 3614.0}
{"instrument_id": "rb1805", "date_time": "20180402 21:59:04", "high": 3603.0, "low": 3598.0, "close": 3602.0, "open": 3598.0}
{"instrument_id": "rb1805", "date_time": "20180402 22:00:00", "high": 3603.0, "low": 3591.0, "close": 3592.0, "open": 3603.0}
{"instrument_id": "rb1805", "date_time": "20180402 22:05:32", "high": 3592.0000000000005, "low": 3588.0, "close": 3589.0, "open": 3591.0}
{"instrument_id": "rb1805", "date_time": "20180402 22:13:57", "high": 3594.0, "low": 3590.0, "close": 3593.0, "open": 3593.0}
{"instrument_id": "rb1805", "date_time": "20180402 22:15:00", "high": 3596.0, "low": 3590.0, "close": 3596.0, "open": 3592.0}
{"instrument_id": "rb1805", "date_time": "20180402 22:20:00", "high": 3601.0000000000005, "low": 3594.0, "close": 3598.0, "open": 3595.0}
{"instrument_id": "rb1805", "date_time": "20180402 23:00:00", "high": 3614.0, "low": 3614.0, "close": 3614.0, "open": 3614.0}
{"instrument_id": "rb1805", "date_time": "20180402 22:20:00", "high": 3601.0000000000005, "low": 3594.0, "close": 3596.0, "open": 3595.0}
{"instrument_id": "rb1805", "date_time": "20180402 22:25:00", "high": 3598.0, "low": 3592.0, "close": 3594.0, "open": 3596.0}
{"instrument_id": "rb1805", "date_time": "20180402 22:30:00", "high": 3602.0000000000005, "low": 3588.0, "close": 3592.0, "open": 3594.0}
{"instrument_id": "rb1805", "date_time": "20180402 22:35:00", "high": 3593.0, "low": 3589.0, "close": 3592.0, "open": 3589.0}
{"instrument_id": "rb1805", "date_time": "20180402 22:40:00", "high": 3598.0000000000005, "low": 3592.0, "close": 3595.0, "open": 3593.0}
{"instrument_id": "rb1805", "date_time": "20180402 22:45:00", "high": 3602.0000000000005, "low": 3593.0, "close": 3601.0, "open": 3595.0}
{"instrument_id": "rb1805", "date_time": "20180402 22:50:00", "high": 3608.0, "low": 3598.0, "close": 3607.0000000000005, "open": 3601.0}
{"instrument_id": "rb1805", "date_time": "20180402 22:55:00", "high": 3615.0000000000005, "low": 3606.0, "close": 3615.0, "open": 3607.0}
{"instrument_id": "rb1805", "date_time": "20180402 23:00:00", "high": 3614.0, "low": 3614.0, "close": 3614.0, "open": 3614.0}
{"instrument_id": "rb1805", "date_time": "20180402 09:00:00", "high": 3659.0, "low": 3586.0, "close": 3594.0, "open": 3652.0}
{"instrument_id": "rb1805", "date_time": "20180402 09:05:00", "high": 3595.0, "low": 3570.0, "close": 3583.0, "open": 3594.0}
{"instrument_id": "rb1805", "date_time": "20180402 09:10:00", "high": 3588.0, "low": 3575.0, "close": 3580.0, "open": 3582.0}
{"instrument_id": "rb1805", "date_time": "20180402 09:15:00", "high": 3589.0, "low": 3579.0, "close": 3588.0, "open": 3580.0}
{"instrument_id": "rb1805", "date_time": "20180402 09:20:00", "high": 3589.0, "low": 3577.0, "close": 3579.0, "open": 3588.0}
{"instrument_id": "rb1805", "date_time": "20180402 09:25:00", "high": 3582.0, "low": 3570.0, "close": 3577.0, "open": 3579.0}
{"instrument_id": "rb1805", "date_time": "20180402 09:30:00", "high": 3585.0000000000005, "low": 3572.0, "close": 3575.0, "open": 3576.0}
{"instrument_id": "rb1805", "date_time": "20180402 09:35:00", "high": 3582.0, "low": 3575.0, "close": 3579.0, "open": 3575.0}
{"instrument_id": "rb1805", "date_time": "20180402 09:40:00", "high": 3583.0000000000005, "low": 3575.0, "close": 3582.0, "open": 3579.0}
{"instrument_id": "rb1805", "date_time": "20180402 09:45:00", "high": 3583.0, "low": 3578.0, "close": 3578.0, "open": 3582.0}
{"instrument_id": "rb1805", "date_time": "20180402 09:50:00", "high": 3587.0000000000005, "low": 3577.0, "close": 3585.0, "open": 3578.0}
{"instrument_id": "rb1805", "date_time": "20180402 09:55:00", "high": 3595.0, "low": 3584.0000000000005, "close": 3593.0, "open": 3586.0}
{"instrument_id": "rb1805", "date_time": "20180402 10:00:00", "high": 3595.0, "low": 3585.0, "close": 3589.0, "open": 3593.0}
{"instrument_id": "rb1805", "date_time": "20180402 10:05:00", "high": 3589.0000000000005, "low": 3578.0, "close": 3580.0, "open": 3589.0}
{"instrument_id": "rb1805", "date_time": "20180402 10:10:00", "high": 3587.0, "low": 3578.0, "close": 3583.0, "open": 3578.0}
{"instrument_id": "rb1805", "date_time": "20180402 10:15:00", "high": 3583.0, "low": 3583.0, "close": 3583.0, "open": 3583.0}
{"instrument_id": "rb1805", "date_time": "20180402 10:30:00", "high": 3593.0000000000005, "low": 3582.0, "close": 3587.0, "open": 3584.0}
{"instrument_id": "rb1805", "date_time": "20180402 10:35:00", "high": 3590.0000000000005, "low": 3582.0, "close": 3590.0, "open": 3587.0}
{"instrument_id": "rb1805", "date_time": "20180402 10:40:00", "high": 3590.0000000000005, "low": 3585.0, "close": 3587.0, "open": 3590.0}
{"instrument_id": "rb1805", "date_time": "20180402 10:45:00", "high": 3589.0000000000005, "low": 3584.0, "close": 3587.0, "open": 3587.0}
{"instrument_id": "rb1805", "date_time": "20180402 10:50:00", "high": 3590.0, "low": 3586.0, "close": 3587.0, "open": 3587.0}
{"instrument_id": "rb1805", "date_time": "20180402 10:55:00", "high": 3589.0000000000005, "low": 3583.0, "close": 3586.0, "open": 3587.0}
{"instrument_id": "rb1805", "date_time": "20180402 11:00:00", "high": 3594.0000000000005, "low": 3585.0, "close": 3591.0, "open": 3586.0}
{"instrument_id": "rb1805", "date_time": "20180402 11:05:00", "high": 3595.0, "low": 3588.0, "close": 3595.0, "open": 3591.0}
{"instrument_id": "rb1805", "date_time": "20180402 11:10:00", "high": 3610.0, "low": 3591.0, "close": 3605.0, "open": 3595.0}
{"instrument_id": "rb1805", "date_time": "20180402 11:15:00", "high": 3609.0000000000005, "low": 3600.0, "close": 3602.0, "open": 3605.0}
{"instrument_id": "rb1805", "date_time": "20180402 11:20:00", "high": 3602.0, "low": 3595.0, "close": 3600.0000000000005, "open": 3602.0}
{"instrument_id": "rb1805", "date_time": "20180402 11:25:00", "high": 3601.0, "low": 3593.0, "close": 3595.0, "open": 3600.0000000000005}
{"instrument_id": "rb1805", "date_time": "20180402 11:30:00", "high": 3594.0000000000005, "low": 3594.0000000000005, "close": 3594.0000000000005, "open": 3594.0000000000005}
{"instrument_id": "rb1805", "date_time": "20180402 13:30:00", "high": 3597.0000000000005, "low": 3580.0, "close": 3580.0, "open": 3595.0}
{"instrument_id": "rb1805", "date_time": "20180402 13:35:00", "high": 3585.0000000000005, "low": 3579.0, "close": 3581.0000000000005, "open": 3581.0}
{"instrument_id": "rb1805", "date_time": "20180402 13:40:00", "high": 3584.0, "low": 3578.0, "close": 3578.0, "open": 3581.0}
{"instrument_id": "rb1805", "date_time": "20180402 13:45:00", "high": 3585.0000000000005, "low": 3577.0, "close": 3583.0,