{"instrument_id": "rb1810", "date_time": "20180402 15:00:00", "high": 3344.0, "low": 3344.0, "close": 3344.0, "open": 3344.0}
{"instrument_id": "rb1810", "date_time": "20180403 18:32:14", "high": 3344.0, "low": 3344.0, "close": 3344.0, "open": 3344.0}
{"instrument_id": "rb1810", "date_time": "20180403 20:59:00", "high": 3351.0, "low": 3351.0, "close": 3351.0, "open": 3351.0}
{"instrument_id": "rb1810", "date_time": "20180403 21:00:00", "high": 3366.0, "low": 3336.0, "close": 3356.0000000000005, "open": 3355.0}
{"instrument_id": "rb1810", "date_time": "20180403 22:00:00", "high": 3392.0000000000005, "low": 3352.0, "close": 3384.0000000000005, "open": 3356.0}
{"instrument_id": "rb1810", "date_time": "20180403 23:00:00", "high": 3387.0, "low": 3387.0, "close": 3387.0, "open": 3387.0}
{"instrument_id": "rb1810", "date_time": "20180403 21:00:00", "high": 3366.0, "low": 3336.0, "close": 3356.0000000000005, "open": 3355.0}
{"instrument_id": "rb1810", "date_time": "20180403 22:00:00", "high": 3392.0000000000005, "low": 3352.0, "close": 3374.0, "open": 3356.0}
{"instrument_id": "rb1810", "date_time": "20180403 23:00:00", "high": 3387.0, "low": 3387.0, "close": 3387.0, "open": 3387.0}
{"instrument_id": "rb1810", "date_time": "20180403 22:00:00", "high": 3392.0000000000005, "low": 3352.0, "close": 3384.0000000000005, "open": 3356.0}
{"instrument_id": "rb1810", "date_time": "20180403 23:00:00", "high": 3387.0, "low": 3387.0, "close": 3387.0, "open": 3387.0}
{"instrument_id": "rb1810", "date_time": "20180403 09:00:00", "high": 3386.0, "low": 3349.0, "close": 3384.0, "open": 3378.0}
{"instrument_id": "rb1810", "date_time": "20180403 10:00:00", "high": 3384.0, "low": 3363.0, "close": 3371.0, "open": 3384.0}
{"instrument_id": "rb1810", "date_time": "20180403 11:00:00", "high": 3373.0, "low": 3339.0, "close": 3343.0, "open": 3372.0}
{"instrument_id": "rb1810", "date_time": "20180403 13:30:00", "high": 3352.0000000000005, "low": 3326.0000000000005, "close": 3346.0, "open": 3343.0}
{"instrument_id": "rb1810", "date_time": "20180403 14:00:00", "high": 3360.0000000000005, "low": 3340.0, "close": 3353.0000000000005, "open": 3346.0}
