{"instrument_id": "rb1805", "date_time": "20180413 15:18:10", "high": 3715.0, "low": 3715.0, "close": 3715.0, "open": 3715.0}
{"instrument_id": "rb1805", "date_time": "20180416 18:33:13", "high": 3715.0, "low": 3715.0, "close": 3715.0, "open": 3715.0}
{"instrument_id": "rb1805", "date_time": "20180416 20:59:00", "high": 3714.0, "low": 3714.0, "close": 3714.0, "open": 3714.0}
{"instrument_id": "rb1805", "date_time": "20180416 21:00:00", "high": 3725.0, "low": 3709.0, "close": 3716.0, "open": 3714.0}
{"instrument_id": "rb1805", "date_time": "20180416 21:15:00", "high": 3717.000000000001, "low": 3712.0, "close": 3714.000000000001, "open": 3716.0}
{"instrument_id": "rb1805", "date_time": "20180416 21:30:00", "high": 3716.000000000001, "low": 3712.0, "close": 3713.0, "open": 3714.000000000001}
{"instrument_id": "rb1805", "date_time": "20180416 21:45:01", "high": 3716.000000000001, "low": 3711.0, "close": 3714.0, "open": 3714.0}
{"instrument_id": "rb1805", "date_time": "20180416 22:00:00", "high": 3716.000000000001, "low": 3710.0, "close": 3712.0, "open": 3713.0}
{"instrument_id": "rb1805", "date_time": "20180416 22:15:00", "high": 3717.0, "low": 3705.0, "close": 3708.0, "open": 3712.0}
{"instrument_id": "rb1805", "date_time": "20180416 22:30:00", "high": 3712.000000000001, "low": 3707.0, "close": 3709.0, "open": 3708.0}
{"instrument_id": "rb1805", "date_time": "20180416 22:45:00", "high": 3712.000000000001, "low": 3705.0, "close": 3707.0, "open": 3709.0}
