{"instrument_id": "rb1805", "date_time": "20180404 15:00:00", "high": 3590.0, "low": 3590.0, "close": 3590.0, "open": 3590.0}
{"instrument_id": "rb1805", "date_time": "20180409 07:32:12", "high": 3590.0, "low": 3590.0, "close": 3590.0, "open": 3590.0}
{"instrument_id": "rb1805", "date_time": "20180409 08:59:00", "high": 3595.0, "low": 3595.0, "close": 3595.0, "open": 3595.0}
{"instrument_id": "rb1805", "date_time": "20180409 09:00:00", "high": 3643.0, "low": 3585.0, "close": 3617.0000000000005, "open": 3592.0000000000005}
{"instrument_id": "rb1805", "date_time": "20180409 10:00:00", "high": 3618.0, "low": 3595.0, "close": 3607.0, "open": 3617.0000000000005}
{"instrument_id": "rb1805", "date_time": "20180409 11:00:00", "high": 3620.0, "low": 3606.0, "close": 3613.0, "open": 3607.0}
{"instrument_id": "rb1805", "date_time": "20180409 13:30:00", "high": 3636.0, "low": 3615.0, "close": 3626.0, "open": 3615.0}
{"instrument_id": "rb1805", "date_time": "20180409 14:00:00", "high": 3650.0000000000005, "low": 3625.0, "close": 3648.0, "open": 3625.0}
