{"instrument_id": "rb1805", "date_time": "20180412 15:19:50", "high": 3671.0, "low": 3671.0, "close": 3671.0, "open": 3671.0}
{"instrument_id": "rb1805", "date_time": "20180413 18:32:12", "high": 3671.0, "low": 3671.0, "close": 3671.0, "open": 3671.0}
{"instrument_id": "rb1805", "date_time": "20180413 20:59:00", "high": 3667.0, "low": 3655.0, "close": 3659.0, "open": 3664.0}
{"instrument_id": "rb1805", "date_time": "20180413 21:05:00", "high": 3668.0, "low": 3659.0, "close": 3664.0, "open": 3659.0}
{"instrument_id": "rb1805", "date_time": "20180413 21:18:00", "high": 3666.0, "low": 3649.0, "close": 3652.0000000000005, "open": 3664.0}
{"instrument_id": "rb1805", "date_time": "20180413 21:31:00", "high": 3659.0, "low": 3650.0, "close": 3653.0, "open": 3651.0}
{"instrument_id": "rb1805", "date_time": "20180413 21:44:00", "high": 3665.000000000001, "low": 3652.0, "close": 3664.0000000000005, "open": 3655.0}
{"instrument_id": "rb1805", "date_time": "20180413 21:57:00", "high": 3672.0, "low": 3660.0, "close": 3669.0, "open": 3664.0000000000005}
{"instrument_id": "rb1805", "date_time": "20180413 22:10:00", "high": 3676.0, "low": 3665.0, "close": 3674.0, "open": 3669.0}
{"instrument_id": "rb1805", "date_time": "20180413 22:23:00", "high": 3674.000000000001, "low": 3662.0, "close": 3666.0, "open": 3674.0}
{"instrument_id": "rb1805", "date_time": "20180413 22:36:01", "high": 3667.0, "low": 3657.0, "close": 3665.0, "open": 3666.0}
{"instrument_id": "rb1805", "date_time": "20180413 22:49:00", "high": 3667.0, "low": 3661.0, "close": 3662.0, "open": 3664.0}
{"instrument_id": "rb1805", "date_time": "20180413 21:18:00", "high": 3666.0, "low": 3649.0, "close": 3650.0, "open": 3664.0}
{"instrument_id": "rb1805", "date_time": "20180413 21:31:00", "high": 3659.0, "low": 3650.0, "close": 3658.0, "open": 3651.0}
{"instrument_id": "rb1805", "date_time": "20180413 21:44:00", "high": 3665.000000000001, "low": 3652.0, "close": 3664.0000000000005, "open": 3655.0}
{"instrument_id": "rb1805", "date_time": "20180413 21:57:00", "high": 3672.0, "low": 3660.0, "close": 3669.0, "open": 3664.0000000000005}
{"instrument_id": "rb1805", "date_time": "20180413 22:10:00", "high": 3676.0, "low": 3665.0, "close": 3674.0, "open": 3669.0}
{"instrument_id": "rb1805", "date_time": "20180413 22:23:00", "high": 3674.000000000001, "low": 3662.0, "close": 3666.0, "open": 3674.0}
{"instrument_id": "rb1805", "date_time": "20180413 22:36:01", "high": 3667.0, "low": 3657.0, "close": 3665.0, "open": 3666.0}
{"instrument_id": "rb1805", "date_time": "20180413 22:49:00", "high": 3667.0, "low": 3661.0, "close": 3662.0, "open": 3664.0}
{"instrument_id": "rb1805", "date_time": "20180413 09:00:00", "high": 3673.000000000001, "low": 3661.0, "close": 3668.0, "open": 3662.0}
{"instrument_id": "rb1805", "date_time": "20180413 09:10:00", "high": 3680.0, "low": 3665.0, "close": 3678.0, "open": 3668.0}
{"instrument_id": "rb1805", "date_time": "20180413 09:23:00", "high": 3689.0, "low": 3675.0, "close": 3688.0, "open": 3678.0}
{"instrument_id": "rb1805", "date_time": "20180413 09:36:00", "high": 3690.0, "low": 3678.0, "close": 3679.0, "open": 3688.0}
{"instrument_id": "rb1805", "date_time": "20180413 09:49:00", "high": 3685.0, "low": 3677.0, "close": 3681.000000000001, "open": 3679.0}
{"instrument_id": "rb1805", "date_time": "20180413 10:02:01", "high": 3689.0, "low": 3681.000000000001, "close": 3685.0, "open": 3681.000000000001}
{"instrument_id": "rb1805", "date_time": "20180413 10:15:00", "high": 3685.0, "low": 3685.0, "close": 3685.0, "open": 3685.0}
{"instrument_id": "rb1805", "date_time": "20180413 10:30:00", "high": 3689.0, "low": 3678.0, "close": 3682.0, "open": 3687.0}
{"instrument_id": "rb1805", "date_time": "20180413 10:41:00", "high": 3687.0, "low": 3679.0, "close": 3685.0, "open": 3681.0}
{"instrument_id": "rb1805", "date_time": "20180413 10:54:00", "high": 3697.0, "low": 3683.0, "close": 3694.0, "open": 3685.0}
{"instrument_id": "rb1805", "date_time": "20180413 11:07:00", "high": 3696.0, "low": 3685.0, "close": 3694.0, "open": 3694.0}
{"instrument_id": "rb1805", "date_time": "20180413 11:20:00", "high": 3696.0, "low": 3689.0, "close": 3693.000000000001, "open": 3694.0}
{"instrument_id": "rb1805", "date_time": "20180413 13:30:00", "high": 3715.0, "low": 3694.0, "close": 3708.0, "open": 3694.0}
{"instrument_id": "rb1805", "date_time": "20180413 13:43:00", "high": 3712.000000000001, "low": 3705.0, "close": 3708.0, "open": 3708.0}
{"instrument_id": "rb1805", "date_time": "20180413 13:56:00", "high": 3709.0, "low": 3705.0, "close": 3706.0, "open": 3707.0}
{"instrument_id": "rb1805", "date_time": "20180413 14:09:00", "high": 3710.0, "low": 3705.0, "close": 3708.000000000001, "open": 3705.0}
{"instrument_id": "rb1805", "date_time": "20180413 14:22:00", "high": 3715.0, "low": 3706.0, "close": 3706.0, "open": 3708.000000000001}
{"instrument_id": "rb1805", "date_time": "20180413 14:35:00", "high": 3706.0, "low": 3698.0, "close": 3703.0, "open": 3706.0}
{"instrument_id": "rb1805", "date_time": "20180413 14:48:00", "high": 3717.000000000001, "low": 3703.0, "close": 3715.0, "open": 3703.0}
