{"instrument_id": "rb1805", "date_time": "20180413 15:18:10", "high": 3715.0, "low": 3715.0, "close": 3715.0, "open": 3715.0}
{"instrument_id": "rb1805", "date_time": "20180416 18:33:13", "high": 3715.0, "low": 3715.0, "close": 3715.0, "open": 3715.0}
{"instrument_id": "rb1805", "date_time": "20180416 20:59:00", "high": 3717.0, "low": 3712.0, "close": 3713.0, "open": 3714.0}
{"instrument_id": "rb1805", "date_time": "20180416 21:01:00", "high": 3725.0, "low": 3709.0, "close": 3714.000000000001, "open": 3713.0}
{"instrument_id": "rb1805", "date_time": "20180416 21:14:00", "high": 3717.000000000001, "low": 3712.0, "close": 3716.0, "open": 3714.000000000001}
{"instrument_id": "rb1805", "date_time": "20180416 21:27:01", "high": 3717.0, "low": 3712.0, "close": 3715.0, "open": 3716.0}
{"instrument_id": "rb1805", "date_time": "20180416 21:40:00", "high": 3716.000000000001, "low": 3711.0, "close": 3714.0, "open": 3715.0}
{"instrument_id": "rb1805", "date_time": "20180416 21:53:00", "high": 3716.000000000001, "low": 3713.0, "close": 3715.0, "open": 3714.0}
{"instrument_id": "rb1805", "date_time": "20180416 22:06:01", "high": 3717.0, "low": 3710.0, "close": 3714.0, "open": 3715.0}
{"instrument_id": "rb1805", "date_time": "20180416 22:19:00", "high": 3714.0, "low": 3705.0, "close": 3712.0000000000005, "open": 3714.0}
{"instrument_id": "rb1805", "date_time": "20180416 22:32:00", "high": 3712.0000000000005, "low": 3707.0, "close": 3709.0, "open": 3712.0000000000005}
{"instrument_id": "rb1805", "date_time": "20180416 22:45:00", "high": 3712.000000000001, "low": 3707.0, "close": 3709.0, "open": 3709.0}
