{"instrument_id": "rb1805", "date_time": "20180409 15:18:25", "high": 3649.0, "low": 3649.0, "close": 3649.0, "open": 3649.0}
{"instrument_id": "rb1805", "date_time": "20180410 18:32:37", "high": 3649.0, "low": 3649.0, "close": 3649.0, "open": 3649.0}
{"instrument_id": "rb1805", "date_time": "20180410 20:59:00", "high": 3650.0, "low": 3650.0, "close": 3650.0, "open": 3650.0}
{"instrument_id": "rb1805", "date_time": "20180410 21:00:00", "high": 3652.0, "low": 3636.0, "close": 3636.0000000000005, "open": 3649.0}
{"instrument_id": "rb1805", "date_time": "20180410 21:05:00", "high": 3640.0, "low": 3633.0, "close": 3637.0, "open": 3636.0000000000005}
{"instrument_id": "rb1805", "date_time": "20180410 21:10:00", "high": 3640.0, "low": 3633.0, "close": 3639.0, "open": 3637.0}
{"instrument_id": "rb1805", "date_time": "20180410 21:15:00", "high": 3646.0000000000005, "low": 3638.0, "close": 3645.0, "open": 3639.0}
{"instrument_id": "rb1805", "date_time": "20180410 21:20:00", "high": 3649.0000000000005, "low": 3642.0000000000005, "close": 3643.0, "open": 3646.0}
{"instrument_id": "rb1805", "date_time": "20180410 21:25:00", "high": 3646.0, "low": 3638.0, "close": 3639.0, "open": 3643.0}
{"instrument_id": "rb1805", "date_time": "20180410 21:30:00", "high": 3641.0, "low": 3636.0, "close": 3638.0, "open": 3639.0}
{"instrument_id": "rb1805", "date_time": "20180410 21:35:00", "high": 3640.0, "low": 3637.0, "close": 3639.0, "open": 3637.0}
{"instrument_id": "rb1805", "date_time": "20180410 21:40:00", "high": 3644.0000000000005, "low": 3638.0, "close": 3641.0, "open": 3639.0}
{"instrument_id": "rb1805", "date_time": "20180410 21:45:00", "high": 3642.0000000000005, "low": 3640.0, "close": 3641.0, "open": 3641.0}
{"instrument_id": "rb1805", "date_time": "20180410 21:50:00", "high": 3643.0000000000005, "low": 3638.0, "close": 3642.0, "open": 3640.0}
{"instrument_id": "rb1805", "date_time": "20180410 21:55:00", "high": 3644.0000000000005, "low": 3639.0, "close": 3639.0, "open": 3642.0}
{"instrument_id": "rb1805", "date_time": "20180410 22:00:00", "high": 3643.0, "low": 3639.0, "close": 3641.0, "open": 3639.0}
{"instrument_id": "rb1805", "date_time": "20180410 22:05:00", "high": 3643.0, "low": 3639.0, "close": 3642.0, "open": 3641.0}
{"instrument_id": "rb1805", "date_time": "20180410 22:10:00", "high": 3642.0, "low": 3640.0, "close": 3641.0, "open": 3642.0}
{"instrument_id": "rb1805", "date_time": "20180410 22:15:01", "high": 3645.0, "low": 3640.0, "close": 3640.0, "open": 3641.0}
{"instrument_id": "rb1805", "date_time": "20180410 22:20:00", "high": 3645.0, "low": 3639.0, "close": 3644.0, "open": 3641.0}
{"instrument_id": "rb1805", "date_time": "20180410 22:25:00", "high": 3645.0000000000005, "low": 3640.0, "close": 3645.0, "open": 3644.0}
{"instrument_id": "rb1805", "date_time": "20180410 22:30:00", "high": 3646.0, "low": 3642.0, "close": 3644.0, "open": 3645.0}
{"instrument_id": "rb1805", "date_time": "20180410 22:35:01", "high": 3648.0000000000005, "low": 3643.0, "close": 3644.0, "open": 3644.0}
{"instrument_id": "rb1805", "date_time": "20180410 22:40:00", "high": 3647.0000000000005, "low": 3644.0, "close": 3646.0000000000005, "open": 3645.0}
{"instrument_id": "rb1805", "date_time": "20180410 22:45:00", "high": 3649.0, "low": 3646.0, "close": 3649.0, "open": 3646.0000000000005}
{"instrument_id": "rb1805", "date_time": "20180410 22:50:00", "high": 3652.0, "low": 3646.0, "close": 3651.0, "open": 3649.0}
{"instrument_id": "rb1805", "date_time": "20180410 22:55:00", "high": 3653.0, "low": 3649.0, "close": 3650.0, "open": 3651.0}
{"instrument_id": "rb1805", "date_time": "20180410 23:00:00", "high": 3650.0, "low": 3650.0, "close": 3650.0, "open": 3650.0}
{"instrument_id": "rb1805", "date_time": "20180410 21:00:00", "high": 3652.0, "low": 3636.0, "close": 3643.0, "open": 3649.0}
{"instrument_id": "rb1805", "date_time": "20180410 22:15:01", "high": 3645.0, "low": 3640.0, "close": 3640.0, "open": 3641.0}
{"instrument_id": "rb1805", "date_time": "20180410 22:25:00", "high": 3645.0000000000005, "low": 3640.0, "close": 3645.0, "open": 3644.0}
{"instrument_id": "rb1805", "date_time": "20180410 22:30:00", "high": 3646.0, "low": 3642.0, "close": 3644.0, "open": 3645.0}
{"instrument_id": "rb1805", "date_time": "20180410 22:35:01", "high": 3648.0000000000005, "low": 3643.0, "close": 3644.0, "open": 3644.0}
{"instrument_id": "rb1805", "date_time": "20180410 22:40:00", "high": 3647.0000000000005, "low": 3644.0, "close": 3646.0, "open": 3645.0}
{"instrument_id": "rb1805", "date_time": "20180410 22:45:00", "high": 3649.0, "low": 3646.0, "close": 3649.0, "open": 3646.0000000000005}
{"instrument_id": "rb1805", "date_time": "20180410 22:50:00", "high": 3652.0, "low": 3646.0, "close": 3651.0, "open": 3649.0}
{"instrument_id": "rb1805", "date_time": "20180410 22:55:00", "high": 3653.0, "low": 3649.0, "close": 3650.0, "open": 3651.0}
{"instrument_id": "rb1805", "date_time": "20180410 23:00:00", "high": 3650.0, "low": 3650.0, "close": 3650.0, "open": 3650.0}
{"instrument_id": "rb1805", "date_time": "20180410 09:00:00", "high": 3651.0, "low": 3641.0, "close": 3642.0, "open": 3649.0000000000005}
{"instrument_id": "rb1805", "date_time": "20180410 09:05:00", "high": 3653.0000000000005, "low": 3641.0, "close": 3650.0000000000005, "open": 3641.0}
{"instrument_id": "rb1805", "date_time": "20180410 09:10:00", "high": 3654.0000000000005, "low": 3649.0, "close": 3650.0000000000005, "open": 3650.0000000000005}
{"instrument_id": "rb1805", "date_time": "20180410 09:15:00", "high": 3652.0000000000005, "low": 3645.0, "close": 3649.0, "open": 3650.0000000000005}
{"instrument_id": "rb1805", "date_time": "20180410 09:20:00", "high": 3651.0, "low": 3645.0, "close": 3645.0, "open": 3649.0}
{"instrument_id": "rb1805", "date_time": "20180410 09:25:00", "high": 3648.0000000000005, "low": 3644.0, "close": 3645.0, "open": 3645.0}
{"instrument_id": "rb1805", "date_time": "20180410 09:30:00", "high": 3650.0, "low": 3644.0, "close": 3650.0, "open": 3645.0}
{"instrument_id": "rb1805", "date_time": "20180410 09:35:01", "high": 3651.0, "low": 3644.0, "close": 3644.0, "open": 3650.0}
{"instrument_id": "rb1805", "date_time": "20180410 09:40:00", "high": 3648.0, "low": 3643.0, "close": 3648.0, "open": 3644.0}
{"instrument_id": "rb1805", "date_time": "20180410 09:45:00", "high": 3648.0, "low": 3643.0, "close": 3645.0, "open": 3648.0}
{"instrument_id": "rb1805", "date_time": "20180410 09:50:00", "high": 3647.0, "low": 3636.0, "close": 3639.0, "open": 3645.0}
{"instrument_id": "rb1805", "date_time": "20180410 09:55:00", "high": 3642.0, "low": 3634.0, "close": 3635.0000000000005, "open": 3639.0}
{"instrument_id": "rb1805", "date_time": "20180410 10:00:00", "high": 3636.0, "low": 3628.0, "close": 3635.0, "open": 3636.0}
{"instrument_id": "rb1805", "date_time": "20180410 10:05:00", "high": 3637.0, "low": 3633.0, "close": 3635.0000000000005, "open": 3635.0}
{"instrument_id": "rb1805", "date_time": "20180410 10:10:00", "high": 3641.0000000000005, "low": 3635.0, "close": 3641.0, "open": 3635.0000000000005}
{"instrument_id": "rb1805", "date_time": "20180410 10:15:00", "high": 3641.0, "low": 3641.0, "close": 3641.0, "open": 3641.0}
{"instrument_id": "rb1805", "date_time": "20180410 10:30:00", "high": 3644.0000000000005, "low": 3640.0, "close": 3643.0, "open": 3642.0}
{"instrument_id": "rb1805", "date_time": "20180410 10:35:00", "high": 3646.0, "low": 3636.0, "close": 3641.0, "open": 3643.0}
{"instrument_id": "rb1805", "date_time": "20180410 10:40:00", "high": 3643.0, "low": 3637.0, "close": 3640.0, "open": 3641.0}
{"instrument_id": "rb1805", "date_time": "20180410 10:45:00", "high": 3642.0, "low": 3637.0, "close": 3642.0, "open": 3639.0}
{"instrument_id": "rb1805", "date_time": "20180410 10:50:00", "high": 3649.0, "low": 3641.0, "close": 3647.0, "open": 3642.0}
{"instrument_id": "rb1805", "date_time": "20180410 10:55:00", "high": 3651.0, "low": 3645.0, "close": 3649.0, "open": 3647.0}
{"instrument_id": "rb1805",