{"instrument_id": "rb1805", "date_time": "20180411 15:00:00", "high": 3663.0, "low": 3663.0, "close": 3663.0, "open": 3663.0}
{"instrument_id": "rb1805", "date_time": "20180412 18:32:33", "high": 3663.0, "low": 3663.0, "close": 3663.0, "open": 3663.0}
{"instrument_id": "rb1805", "date_time": "20180412 20:59:00", "high": 3659.0, "low": 3659.0, "close": 3659.0, "open": 3659.0}
{"instrument_id": "rb1805", "date_time": "20180412 21:00:00", "high": 3670.0, "low": 3634.0, "close": 3659.0, "open": 3658.0}
{"instrument_id": "rb1805", "date_time": "20180412 22:00:00", "high": 3691.0, "low": 3656.0, "close": 3680.0, "open": 3657.0}
{"instrument_id": "rb1805", "date_time": "20180412 23:00:00", "high": 3678.0, "low": 3678.0, "close": 3678.0, "open": 3678.0}
{"instrument_id": "rb1805", "date_time": "20180412 22:00:00", "high": 3691.0, "low": 3656.0, "close": 3680.0, "open": 3657.0}
{"instrument_id": "rb1805", "date_time": "20180412 23:00:00", "high": 3678.0, "low": 3678.0, "close": 3678.0, "open": 3678.0}
{"instrument_id": "rb1805", "date_time": "20180412 09:00:00", "high": 3676.000000000001, "low": 3649.0, "close": 3659.0, "open": 3676.000000000001}
{"instrument_id": "rb1805", "date_time": "20180412 10:00:00", "high": 3667.000000000001, "low": 3654.0, "close": 3656.0, "open": 3658.0000000000005}
{"instrument_id": "rb1805", "date_time": "20180412 11:00:00", "high": 3662.0, "low": 3647.0, "close": 3658.0, "open": 3655.0}
{"instrument_id": "rb1805", "date_time": "20180412 13:30:00", "high": 3684.0, "low": 3653.0, "close": 3669.0, "open": 3662.0}
{"instrument_id": "rb1805", "date_time": "20180412 14:00:00", "high": 3684.000000000001, "low": 3666.0, "close": 3671.0, "open": 3669.0}
