{"instrument_id": "rb1810", "date_time": "20180403 15:00:00", "high": 3354.0, "low": 3354.0, "close": 3354.0, "open": 3354.0}
{"instrument_id": "rb1810", "date_time": "20180404 18:29:58", "high": 3354.0, "low": 3354.0, "close": 3354.0, "open": 3354.0}
{"instrument_id": "rb1810", "date_time": "20180404 20:59:00", "high": 3358.0, "low": 3358.0, "close": 3358.0, "open": 3358.0}
{"instrument_id": "rb1810", "date_time": "20180404 21:00:00", "high": 3371.0, "low": 3334.0, "close": 3339.0, "open": 3359.0}
{"instrument_id": "rb1810", "date_time": "20180404 22:00:00", "high": 3351.0000000000005, "low": 3336.0, "close": 3348.0, "open": 3340.0}
{"instrument_id": "rb1810", "date_time": "20180404 23:00:00", "high": 3347.0, "low": 3347.0, "close": 3347.0, "open": 3347.0}
{"instrument_id": "rb1810", "date_time": "20180404 21:00:00", "high": 3371.0, "low": 3334.0, "close": 3344.0, "open": 3359.0}
{"instrument_id": "rb1810", "date_time": "20180404 22:00:00", "high": 3351.0000000000005, "low": 3336.0, "close": 3340.0, "open": 3340.0}
{"instrument_id": "rb1810", "date_time": "20180404 23:00:00", "high": 3347.0, "low": 3347.0, "close": 3347.0, "open": 3347.0}
{"instrument_id": "rb1810", "date_time": "20180404 22:00:00", "high": 3351.0000000000005, "low": 3336.0, "close": 3348.0, "open": 3340.0}
{"instrument_id": "rb1810", "date_time": "20180404 23:00:00", "high": 3347.0, "low": 3347.0, "close": 3347.0, "open": 3347.0}
{"instrument_id": "rb1810", "date_time": "20180404 09:00:00", "high": 3364.0000000000005, "low": 3337.0, "close": 3348.0, "open": 3345.0000000000005}
{"instrument_id": "rb1810", "date_time": "20180404 10:00:00", "high": 3370.0000000000005, "low": 3346.0, "close": 3368.0, "open": 3348.0}
{"instrument_id": "rb1810", "date_time": "20180404 11:00:00", "high": 3379.0000000000005, "low": 3359.0, "close": 3367.0, "open": 3369.0}
{"instrument_id": "rb1810", "date_time": "20180404 13:30:00", "high": 3369.0, "low": 3339.0, "close": 3341.0000000000005, "open": 3368.0}
{"instrument_id": "rb1810", "date_time": "20180404 14:00:00", "high": 3341.0000000000005, "low": 3305.0, "close": 3319.0, "open": 3341.0000000000005}
