{"instrument_id": "rb1810", "date_time": "20180412 15:19:50", "high": 3402.0, "low": 3402.0, "close": 3402.0, "open": 3402.0}
{"instrument_id": "rb1810", "date_time": "20180413 18:32:12", "high": 3402.0, "low": 3402.0, "close": 3402.0, "open": 3402.0}
{"instrument_id": "rb1810", "date_time": "20180413 20:59:00", "high": 3400.0, "low": 3385.0, "close": 3389.0, "open": 3400.0}
{"instrument_id": "rb1810", "date_time": "20180413 21:05:00", "high": 3404.0000000000005, "low": 3389.0, "close": 3392.0000000000005, "open": 3390.0}
{"instrument_id": "rb1810", "date_time": "20180413 21:18:00", "high": 3396.0000000000005, "low": 3378.0, "close": 3381.0, "open": 3392.0}
{"instrument_id": "rb1810", "date_time": "20180413 21:31:00", "high": 3391.0000000000005, "low": 3377.0, "close": 3386.0, "open": 3380.0}
{"instrument_id": "rb1810", "date_time": "20180413 21:44:00", "high": 3395.0000000000005, "low": 3383.0, "close": 3393.0000000000005, "open": 3386.0}
{"instrument_id": "rb1810", "date_time": "20180413 21:57:00", "high": 3402.0, "low": 3386.0, "close": 3399.0, "open": 3393.0000000000005}
{"instrument_id": "rb1810", "date_time": "20180413 22:10:00", "high": 3400.0000000000005, "low": 3393.0, "close": 3400.0, "open": 3399.0000000000005}
{"instrument_id": "rb1810", "date_time": "20180413 22:23:00", "high": 3400.0, "low": 3388.0, "close": 3391.0000000000005, "open": 3399.0}
{"instrument_id": "rb1810", "date_time": "20180413 22:36:00", "high": 3392.0000000000005, "low": 3382.0, "close": 3389.0, "open": 3392.0}
{"instrument_id": "rb1810", "date_time": "20180413 22:49:00", "high": 3391.0, "low": 3384.0, "close": 3387.0, "open": 3389.0}
{"instrument_id": "rb1810", "date_time": "20180413 21:18:00", "high": 3396.0000000000005, "low": 3378.0, "close": 3378.0, "open": 3392.0}
{"instrument_id": "rb1810", "date_time": "20180413 21:31:00", "high": 3391.0000000000005, "low": 3377.0, "close": 3388.0, "open": 3380.0}
{"instrument_id": "rb1810", "date_time": "20180413 21:44:00", "high": 3395.0000000000005, "low": 3383.0, "close": 3393.0000000000005, "open": 3386.0}
{"instrument_id": "rb1810", "date_time": "20180413 21:57:00", "high": 3402.0, "low": 3386.0, "close": 3399.0, "open": 3393.0000000000005}
{"instrument_id": "rb1810", "date_time": "20180413 22:10:00", "high": 3400.0000000000005, "low": 3393.0, "close": 3400.0, "open": 3399.0000000000005}
{"instrument_id": "rb1810", "date_time": "20180413 22:23:00", "high": 3400.0, "low": 3388.0, "close": 3391.0000000000005, "open": 3399.0}
{"instrument_id": "rb1810", "date_time": "20180413 22:36:00", "high": 3392.0000000000005, "low": 3382.0, "close": 3388.0, "open": 3392.0}
{"instrument_id": "rb1810", "date_time": "20180413 22:49:00", "high": 3391.0, "low": 3384.0, "close": 3387.0, "open": 3389.0}
{"instrument_id": "rb1810", "date_time": "20180413 09:00:00", "high": 3401.0000000000005, "low": 3388.0, "close": 3395.0, "open": 3389.0}
{"instrument_id": "rb1810", "date_time": "20180413 09:10:00", "high": 3412.0, "low": 3392.0, "close": 3411.0, "open": 3394.0}
{"instrument_id": "rb1810", "date_time": "20180413 09:23:00", "high": 3425.0, "low": 3409.0, "close": 3425.0, "open": 3412.0}
{"instrument_id": "rb1810", "date_time": "20180413 09:36:00", "high": 3427.0, "low": 3412.0, "close": 3413.0, "open": 3424.0}
{"instrument_id": "rb1810", "date_time": "20180413 09:49:00", "high": 3421.0, "low": 3413.0, "close": 3417.0, "open": 3414.0}
{"instrument_id": "rb1810", "date_time": "20180413 10:02:00", "high": 3424.0, "low": 3413.0000000000005, "close": 3419.0, "open": 3417.0000000000005}
{"instrument_id": "rb1810", "date_time": "20180413 10:15:00", "high": 3419.0, "low": 3419.0, "close": 3419.0, "open": 3419.0}
{"instrument_id": "rb1810", "date_time": "20180413 10:30:00", "high": 3424.0000000000005, "low": 3408.0, "close": 3413.0, "open": 3419.0}
{"instrument_id": "rb1810", "date_time": "20180413 10:41:00", "high": 3421.0000000000005, "low": 3410.0, "close": 3419.0000000000005, "open": 3413.0}
{"instrument_id": "rb1810", "date_time": "20180413 10:54:00", "high": 3430.0000000000005, "low": 3416.0, "close": 3428.0000000000005, "open": 3420.0000000000005}
{"instrument_id": "rb1810", "date_time": "20180413 11:07:00", "high": 3437.0, "low": 3414.0, "close": 3433.0, "open": 3428.0000000000005}
{"instrument_id": "rb1810", "date_time": "20180413 11:20:00", "high": 3440.0, "low": 3431.0, "close": 3438.0000000000005, "open": 3433.0}
{"instrument_id": "rb1810", "date_time": "20180413 13:30:00", "high": 3456.0000000000005, "low": 3438.0000000000005, "close": 3451.0, "open": 3438.0000000000005}
{"instrument_id": "rb1810", "date_time": "20180413 13:43:00", "high": 3455.0, "low": 3447.0, "close": 3447.0000000000005, "open": 3451.0}
{"instrument_id": "rb1810", "date_time": "20180413 13:56:00", "high": 3451.0000000000005, "low": 3443.0, "close": 3450.0, "open": 3445.0}
{"instrument_id": "rb1810", "date_time": "20180413 14:09:00", "high": 3456.0000000000005, "low": 3446.0, "close": 3451.0, "open": 3449.0}
{"instrument_id": "rb1810", "date_time": "20180413 14:22:00", "high": 3463.0000000000005, "low": 3451.0, "close": 3455.0000000000005, "open": 3452.0000000000005}
{"instrument_id": "rb1810", "date_time": "20180413 14:35:00", "high": 3456.0, "low": 3435.0, "close": 3439.0, "open": 3456.0}
{"instrument_id": "rb1810", "date_time": "20180413 14:48:00", "high": 3471.0000000000005, "low": 3439.0, "close": 3452.0, "open": 3440.0}
