{"instrument_id": "rb1810", "date_time": "20180409 15:00:00", "high": 3408.0, "low": 3408.0, "close": 3408.0, "open": 3408.0}
{"instrument_id": "rb1810", "date_time": "20180410 18:32:37", "high": 3408.0, "low": 3408.0, "close": 3408.0, "open": 3408.0}
{"instrument_id": "rb1810", "date_time": "20180410 20:59:00", "high": 3415.0, "low": 3415.0, "close": 3415.0, "open": 3415.0}
{"instrument_id": "rb1810", "date_time": "20180410 21:00:00", "high": 3417.0000000000005, "low": 3398.0, "close": 3403.0, "open": 3415.0000000000005}
{"instrument_id": "rb1810", "date_time": "20180410 22:00:00", "high": 3434.0, "low": 3401.0, "close": 3434.0, "open": 3403.0}
{"instrument_id": "rb1810", "date_time": "20180410 23:00:00", "high": 3434.0, "low": 3434.0, "close": 3434.0, "open": 3434.0}
{"instrument_id": "rb1810", "date_time": "20180410 21:00:00", "high": 3417.0000000000005, "low": 3398.0, "close": 3409.0000000000005, "open": 3415.0000000000005}
{"instrument_id": "rb1810", "date_time": "20180410 22:00:00", "high": 3434.0, "low": 3401.0, "close": 3434.0, "open": 3403.0}
{"instrument_id": "rb1810", "date_time": "20180410 23:00:00", "high": 3434.0, "low": 3434.0, "close": 3434.0, "open": 3434.0}
{"instrument_id": "rb1810", "date_time": "20180410 09:00:00", "high": 3443.0000000000005, "low": 3403.0, "close": 3405.0000000000005, "open": 3432.0}
{"instrument_id": "rb1810", "date_time": "20180410 10:00:00", "high": 3435.0, "low": 3395.0, "close": 3432.0, "open": 3405.0000000000005}
{"instrument_id": "rb1810", "date_time": "20180410 11:00:00", "high": 3436.0, "low": 3417.0, "close": 3423.0000000000005, "open": 3433.0}
{"instrument_id": "rb1810", "date_time": "20180410 13:30:00", "high": 3447.0, "low": 3420.0, "close": 3440.0, "open": 3428.0}
{"instrument_id": "rb1810", "date_time": "20180410 14:00:00", "high": 3441.0000000000005, "low": 3407.0, "close": 3420.0, "open": 3439.0}
