{"instrument_id": "rb1805", "date_time": "20180402 15:00:00", "high": 3591.0, "low": 3591.0, "close": 3591.0, "open": 3591.0}
{"instrument_id": "rb1805", "date_time": "20180403 18:32:14", "high": 3591.0, "low": 3591.0, "close": 3591.0, "open": 3591.0}
{"instrument_id": "rb1805", "date_time": "20180403 20:59:00", "high": 3595.0, "low": 3595.0, "close": 3595.0, "open": 3595.0}
{"instrument_id": "rb1805", "date_time": "20180403 21:00:00", "high": 3644.0000000000005, "low": 3584.0, "close": 3630.0, "open": 3595.0}
{"instrument_id": "rb1805", "date_time": "20180403 22:00:00", "high": 3659.0, "low": 3627.0, "close": 3651.0, "open": 3630.0}
{"instrument_id": "rb1805", "date_time": "20180403 23:00:00", "high": 3652.0, "low": 3652.0, "close": 3652.0, "open": 3652.0}
{"instrument_id": "rb1805", "date_time": "20180403 21:00:00", "high": 3644.0000000000005, "low": 3584.0, "close": 3630.0, "open": 3595.0}
{"instrument_id": "rb1805", "date_time": "20180403 22:00:00", "high": 3659.0, "low": 3627.0, "close": 3643.0, "open": 3630.0}
{"instrument_id": "rb1805", "date_time": "20180403 23:00:00", "high": 3652.0, "low": 3652.0, "close": 3652.0, "open": 3652.0}
{"instrument_id": "rb1805", "date_time": "20180403 22:00:00", "high": 3659.0, "low": 3627.0, "close": 3651.0, "open": 3630.0}
{"instrument_id": "rb1805", "date_time": "20180403 23:00:00", "high": 3652.0, "low": 3652.0, "close": 3652.0, "open": 3652.0}
{"instrument_id": "rb1805", "date_time": "20180403 09:00:00", "high": 3664.000000000001, "low": 3624.0, "close": 3658.0, "open": 3644.0}
{"instrument_id": "rb1805", "date_time": "20180403 10:00:00", "high": 3663.0, "low": 3645.0, "close": 3660.0, "open": 3659.0}
{"instrument_id": "rb1805", "date_time": "20180403 11:00:00", "high": 3660.0000000000005, "low": 3630.0, "close": 3635.0, "open": 3659.0}
{"instrument_id": "rb1805", "date_time": "20180403 13:30:00", "high": 3632.0, "low": 3603.0, "close": 3609.0, "open": 3632.0}
{"instrument_id": "rb1805", "date_time": "20180403 14:00:00", "high": 3619.0, "low": 3592.0, "close": 3600.0, "open": 3609.0}
