{"instrument_id": "rb1805", "date_time": "20180410 15:20:11", "high": 3669.0, "low": 3669.0, "close": 3669.0, "open": 3669.0}
{"instrument_id": "rb1805", "date_time": "20180411 18:35:44", "high": 3669.0, "low": 3669.0, "close": 3669.0, "open": 3669.0}
{"instrument_id": "rb1805", "date_time": "20180411 20:59:00", "high": 3670.0, "low": 3670.0, "close": 3670.0, "open": 3670.0}
{"instrument_id": "rb1805", "date_time": "20180411 21:00:00", "high": 3675.0, "low": 3666.0, "close": 3674.0, "open": 3671.0}
{"instrument_id": "rb1805", "date_time": "20180411 21:03:00", "high": 3677.0, "low": 3671.0, "close": 3677.0, "open": 3674.0}
{"instrument_id": "rb1805", "date_time": "20180411 21:06:00", "high": 3677.0, "low": 3672.0, "close": 3674.0, "open": 3677.0}
{"instrument_id": "rb1805", "date_time": "20180411 21:09:00", "high": 3678.0, "low": 3673.0, "close": 3678.0, "open": 3675.0}
{"instrument_id": "rb1805", "date_time": "20180411 21:12:00", "high": 3679.000000000001, "low": 3674.0, "close": 3674.0, "open": 3678.0}
{"instrument_id": "rb1805", "date_time": "20180411 21:15:00", "high": 3678.000000000001, "low": 3673.0, "close": 3675.000000000001, "open": 3674.0}
{"instrument_id": "rb1805", "date_time": "20180411 21:18:00", "high": 3684.0, "low": 3674.0, "close": 3682.0, "open": 3675.000000000001}
{"instrument_id": "rb1805", "date_time": "20180411 21:21:00", "high": 3684.0, "low": 3681.0, "close": 3682.0, "open": 3682.0}
{"instrument_id": "rb1805", "date_time": "20180411 21:24:00", "high": 3685.0, "low": 3678.0, "close": 3679.0, "open": 3682.0}
{"instrument_id": "rb1805", "date_time": "20180411 21:27:00", "high": 3682.0, "low": 3676.0, "close": 3681.0, "open": 3678.0}
{"instrument_id": "rb1805", "date_time": "20180411 21:30:00", "high": 3683.000000000001, "low": 3678.0, "close": 3679.000000000001, "open": 3681.0}
{"instrument_id": "rb1805", "date_time": "20180411 21:33:00", "high": 3680.000000000001, "low": 3677.0, "close": 3678.0, "open": 3679.000000000001}
{"instrument_id": "rb1805", "date_time": "20180411 21:36:00", "high": 3680.0, "low": 3676.0, "close": 3680.0, "open": 3678.0}
{"instrument_id": "rb1805", "date_time": "20180411 21:39:00", "high": 3682.000000000001, "low": 3678.0, "close": 3680.0, "open": 3680.0}
{"instrument_id": "rb1805", "date_time": "20180411 21:42:00", "high": 3683.000000000001, "low": 3679.0, "close": 3681.0, "open": 3680.0}
{"instrument_id": "rb1805", "date_time": "20180411 21:45:00", "high": 3681.0, "low": 3678.0, "close": 3679.0, "open": 3681.0}
{"instrument_id": "rb1805", "date_time": "20180411 21:48:00", "high": 3693.0, "low": 3679.0, "close": 3691.0, "open": 3679.0}
{"instrument_id": "rb1805", "date_time": "20180411 21:51:00", "high": 3693.0, "low": 3687.0, "close": 3688.0, "open": 3692.0}
{"instrument_id": "rb1805", "date_time": "20180411 21:54:00", "high": 3688.0, "low": 3681.0, "close": 3681.0, "open": 3687.0}
{"instrument_id": "rb1805", "date_time": "20180411 21:57:00", "high": 3686.0, "low": 3681.0, "close": 3685.0, "open": 3681.0}
{"instrument_id": "rb1805", "date_time": "20180411 22:00:00", "high": 3686.0, "low": 3682.0, "close": 3682.0, "open": 3685.0}
{"instrument_id": "rb1805", "date_time": "20180411 22:03:00", "high": 3683.000000000001, "low": 3681.0, "close": 3681.0, "open": 3682.0}
{"instrument_id": "rb1805", "date_time": "20180411 22:06:00", "high": 3685.0, "low": 3681.0, "close": 3683.0, "open": 3681.0}
{"instrument_id": "rb1805", "date_time": "20180411 22:09:00", "high": 3684.0, "low": 3681.0, "close": 3683.0, "open": 3683.0}
{"instrument_id": "rb1805", "date_time": "20180411 22:12:00", "high": 3682.0, "low": 3675.0, "close": 3677.0, "open": 3682.0}
{"instrument_id": "rb1805", "date_time": "20180411 22:15:00", "high": 3680.0, "low": 3675.0, "close": 3677.0, "open": 3677.0}
{"instrument_id": "rb1805", "date_time": "20180411 22:18:00", "high": 3680.000000000001, "low": 3677.0, "close": 3678.0, "open": 3677.0}
{"instrument_id": "rb1805", "date_time": "20180411 22:21:01", "high": 3679.000000000001, "low": 3677.0, "close": 3678.0, "open": 3677.0}
{"instrument_id": "rb1805", "date_time": "20180411 22:24:00", "high": 3684.0, "low": 3678.0, "close": 3680.0, "open": 3678.0}
{"instrument_id": "rb1805", "date_time": "20180411 22:27:00", "high": 3681.0, "low": 3679.0, "close": 3680.0, "open": 3680.0}
{"instrument_id": "rb1805", "date_time": "20180411 22:30:00", "high": 3682.0, "low": 3677.0, "close": 3678.0, "open": 3680.0}
{"instrument_id": "rb1805", "date_time": "20180411 22:33:01", "high": 3681.0, "low": 3678.0, "close": 3678.000000000001, "open": 3678.0}
{"instrument_id": "rb1805", "date_time": "20180411 22:36:00", "high": 3680.0, "low": 3675.0, "close": 3676.0, "open": 3678.000000000001}
{"instrument_id": "rb1805", "date_time": "20180411 22:39:00", "high": 3678.0, "low": 3674.0, "close": 3677.0, "open": 3676.0}
{"instrument_id": "rb1805", "date_time": "20180411 22:42:00", "high": 3679.0, "low": 3676.0, "close": 3679.0, "open": 3677.0}
{"instrument_id": "rb1805", "date_time": "20180411 22:45:00", "high": 3679.0, "low": 3675.0, "close": 3678.0, "open": 3679.0}
{"instrument_id": "rb1805", "date_time": "20180411 22:48:01", "high": 3679.0, "low": 3676.0, "close": 3679.0, "open": 3678.0}
{"instrument_id": "rb1805", "date_time": "20180411 22:51:00", "high": 3682.0, "low": 3677.0, "close": 3680.0, "open": 3679.0}
{"instrument_id": "rb1805", "date_time": "20180411 22:54:00", "high": 3684.0, "low": 3672.0, "close": 3675.0, "open": 3680.0}
{"instrument_id": "rb1805", "date_time": "20180411 22:57:00", "high": 3682.0, "low": 3670.0, "close": 3679.0, "open": 3675.0}
{"instrument_id": "rb1805", "date_time": "20180411 23:00:00", "high": 3679.0, "low": 3679.0, "close": 3679.0, "open": 3679.0}
{"instrument_id": "rb1805", "date_time": "20180411 21:48:00", "high": 3693.0, "low": 3679.0, "close": 3691.0, "open": 3679.0}
{"instrument_id": "rb1805", "date_time": "20180411 21:51:00", "high": 3693.0, "low": 3687.0, "close": 3688.0, "open": 3692.0}
{"instrument_id": "rb1805", "date_time": "20180411 21:54:00", "high": 3688.0, "low": 3681.0, "close": 3686.0, "open": 3687.0}
{"instrument_id": "rb1805", "date_time": "20180411 22:27:00", "high": 3686.0, "low": 3679.0, "close": 3680.0, "open": 3680.0}
{"instrument_id": "rb1805", "date_time": "20180411 22:30:00", "high": 3682.0, "low": 3677.0, "close": 3679.0, "open": 3680.0}
{"instrument_id": "rb1805", "date_time": "20180411 22:33:01", "high": 3681.0, "low": 3678.0, "close": 3678.000000000001, "open": 3678.0}
{"instrument_id": "rb1805", "date_time": "20180411 22:36:00", "high": 3680.0, "low": 3675.0, "close": 3676.0, "open": 3678.000000000001}
{"instrument_id": "rb1805", "date_time": "20180411 22:39:00", "high": 3678.0, "low": 3674.0, "close": 3675.0, "open": 3676.0}
{"instrument_id": "rb1805", "date_time": "20180411 22:42:00", "high": 3679.0, "low": 3675.0, "close": 3679.0, "open": 3677.0}
{"instrument_id": "rb1805", "date_time": "20180411 22:45:00", "high": 3679.0, "low": 3675.0, "close": 3678.0, "open": 3679.0}
{"instrument_id": "rb1805", "date_time": "20180411 22:48:01", "high": 3679.0, "low": 3676.0, "close": 3677.0, "open": 3678.0}
{"instrument_id": "rb1805", "date_time": "20180411 23:00:00", "high": 3679.0, "low": 3679.0, "close": 3679.0, "open": 3679.0}
{"instrument_id": "rb1805", "date_time": "20180411 22:48:01", "high": 3679.0, "low": 3676.0, "close": 3679.0, "open": 3678.0}
{"instrument_id": "rb1805", "date_time": "20180411 22:51:00", "high": 3682.0, "low": 3677.0, "close": 3680.0, "open": 3679.0}
{"instrument_id": "rb1805", "date_time": "20180411 22:54:00", "high": 3684.0, "low": 3672.0, "close": 3681.0, "open": 3680.0}
{"instrument_id": "rb1805", "date_time": "20180411 22:57:00", "high": 3682.0, "low": 3670.0, "close": 3679.0, "open": 3675.0}
{"instrument_id": "rb1805", "date_time": "20180411 23:00:00", "high": 3679.0, "low": 3679.0, "close": 3679.0, "open": 3679.0}
{"instrument_id": "rb1805", "date_time": "20180411 09:00:00", "high": 3689.000000000001, "low": 3675.0, "close": 3687.0,