{"instrument_id": "rb1805", "date_time": "20180329 15:18:28", "high": 3479.0, "low": 3479.0, "close": 3479.0, "open": 3479.0}
{"instrument_id": "rb1805", "date_time": "20180330 18:11:40", "high": 3479.0, "low": 3479.0, "close": 3479.0, "open": 3479.0}
{"instrument_id": "rb1805", "date_time": "20180330 18:36:46", "high": 3479.0, "low": 3479.0, "close": 3479.0, "open": 3479.0}
{"instrument_id": "rb1805", "date_time": "20180330 19:43:19", "high": 3479.0, "low": 3479.0, "close": 3479.0, "open": 3479.0}
{"instrument_id": "rb1805", "date_time": "20180330 20:59:00", "high": 3483.0, "low": 3483.0, "close": 3483.0, "open": 3483.0}
{"instrument_id": "rb1805", "date_time": "20180330 20:59:00", "high": 3483.0, "low": 3483.0, "close": 3483.0, "open": 3483.0}
{"instrument_id": "rb1805", "date_time": "20180330 21:00:00", "high": 3490.0000000000005, "low": 3480.0, "close": 3489.0000000000005, "open": 3484.0}
{"instrument_id": "rb1805", "date_time": "20180330 21:00:00", "high": 3490.0, "low": 3480.0, "close": 3489.0, "open": 3484.0}
{"instrument_id": "rb1805", "date_time": "20180330 21:03:00", "high": 3493.0000000000005, "low": 3486.0, "close": 3488.0, "open": 3490.0}
{"instrument_id": "rb1805", "date_time": "20180330 21:03:00", "high": 3493.0, "low": 3486.0, "close": 3488.0, "open": 3490.0}
{"instrument_id": "rb1805", "date_time": "20180330 21:06:00", "high": 3490.0000000000005, "low": 3486.0, "close": 3488.0, "open": 3488.0}
{"instrument_id": "rb1805", "date_time": "20180330 21:06:00", "high": 3490.0, "low": 3486.0, "close": 3488.0, "open": 3488.0}
{"instrument_id": "rb1805", "date_time": "20180330 21:09:00", "high": 3495.0000000000005, "low": 3488.0, "close": 3491.0, "open": 3488.0}
{"instrument_id": "rb1805", "date_time": "20180330 21:09:00", "high": 3495.0, "low": 3488.0, "close": 3491.0, "open": 3488.0}
{"instrument_id": "rb1805", "date_time": "20180330 21:12:00", "high": 3499.0000000000005, "low": 3489.0, "close": 3498.0, "open": 3491.0}
{"instrument_id": "rb1805", "date_time": "20180330 21:15:00", "high": 3503.0000000000005, "low": 3497.0, "close": 3502.0, "open": 3498.0}
{"instrument_id": "rb1805", "date_time": "20180330 21:18:00", "high": 3505.0000000000005, "low": 3501.0, "close": 3502.0, "open": 3501.0}
{"instrument_id": "rb1805", "date_time": "20180330 21:21:00", "high": 3503.0, "low": 3498.0, "close": 3502.0, "open": 3503.0}
{"instrument_id": "rb1805", "date_time": "20180330 21:24:00", "high": 3502.0, "low": 3491.0, "close": 3491.0, "open": 3502.0}
{"instrument_id": "rb1805", "date_time": "20180330 21:27:00", "high": 3495.0000000000005, "low": 3490.0, "close": 3493.0, "open": 3491.0}
{"instrument_id": "rb1805", "date_time": "20180330 21:30:00", "high": 3497.0000000000005, "low": 3491.0, "close": 3495.0, "open": 3493.0}
{"instrument_id": "rb1805", "date_time": "20180330 21:33:00", "high": 3496.0, "low": 3491.0, "close": 3492.0, "open": 3495.0}
{"instrument_id": "rb1805", "date_time": "20180330 21:36:00", "high": 3494.0, "low": 3491.0, "close": 3491.0, "open": 3492.0}
{"instrument_id": "rb1805", "date_time": "20180330 21:39:00", "high": 3492.0, "low": 3487.0, "close": 3489.0, "open": 3491.0}
{"instrument_id": "rb1805", "date_time": "20180330 21:42:00", "high": 3492.0, "low": 3487.0, "close": 3490.0, "open": 3489.0}
{"instrument_id": "rb1805", "date_time": "20180330 21:45:00", "high": 3492.0000000000005, "low": 3488.0, "close": 3488.0, "open": 3489.0000000000005}
{"instrument_id": "rb1805", "date_time": "20180330 21:48:00", "high": 3491.0000000000005, "low": 3488.0, "close": 3488.0, "open": 3488.0}
{"instrument_id": "rb1805", "date_time": "20180330 21:51:00", "high": 3489.0000000000005, "low": 3486.0, "close": 3489.0, "open": 3489.0000000000005}
{"instrument_id": "rb1805", "date_time": "20180330 21:54:00", "high": 3494.0, "low": 3488.0, "close": 3493.0, "open": 3490.0}
{"instrument_id": "rb1805", "date_time": "20180330 21:57:00", "high": 3496.0, "low": 3490.0, "close": 3490.0, "open": 3493.0}
{"instrument_id": "rb1805", "date_time": "20180330 22:00:00", "high": 3491.0, "low": 3484.0, "close": 3488.0, "open": 3490.0}
{"instrument_id": "rb1805", "date_time": "20180330 22:03:00", "high": 3488.0000000000005, "low": 3485.0, "close": 3488.0, "open": 3488.0}
{"instrument_id": "rb1805", "date_time": "20180330 22:06:00", "high": 3490.0000000000005, "low": 3487.0, "close": 3489.0, "open": 3488.0}
{"instrument_id": "rb1805", "date_time": "20180330 22:09:00", "high": 3490.0000000000005, "low": 3485.0, "close": 3487.0, "open": 3489.0}
{"instrument_id": "rb1805", "date_time": "20180330 22:12:00", "high": 3490.0000000000005, "low": 3486.0, "close": 3490.0, "open": 3487.0}
{"instrument_id": "rb1805", "date_time": "20180330 22:15:00", "high": 3491.0000000000005, "low": 3488.0, "close": 3489.0, "open": 3490.0}
{"instrument_id": "rb1805", "date_time": "20180330 22:18:00", "high": 3495.0000000000005, "low": 3489.0, "close": 3495.0, "open": 3489.0}
{"instrument_id": "rb1805", "date_time": "20180330 22:21:00", "high": 3495.0, "low": 3491.0, "close": 3493.0, "open": 3494.0}
{"instrument_id": "rb1805", "date_time": "20180330 22:24:00", "high": 3495.0000000000005, "low": 3492.0, "close": 3495.0, "open": 3493.0}
{"instrument_id": "rb1805", "date_time": "20180330 22:27:00", "high": 3496.0000000000005, "low": 3493.0, "close": 3495.0, "open": 3495.0}
{"instrument_id": "rb1805", "date_time": "20180330 22:30:00", "high": 3496.0000000000005, "low": 3490.0, "close": 3491.0, "open": 3495.0}
{"instrument_id": "rb1805", "date_time": "20180330 22:33:00", "high": 3491.0, "low": 3487.0, "close": 3488.0, "open": 3490.0}
{"instrument_id": "rb1805", "date_time": "20180330 22:36:00", "high": 3493.0, "low": 3487.0, "close": 3490.0, "open": 3488.0}
{"instrument_id": "rb1805", "date_time": "20180330 22:39:00", "high": 3492.0000000000005, "low": 3489.0000000000005, "close": 3489.0000000000005, "open": 3490.0}
{"instrument_id": "rb1805", "date_time": "20180330 22:42:00", "high": 3493.0, "low": 3489.0000000000005, "close": 3492.0, "open": 3489.0000000000005}
{"instrument_id": "rb1805", "date_time": "20180330 22:45:00", "high": 3492.0, "low": 3489.0, "close": 3492.0, "open": 3492.0}
{"instrument_id": "rb1805", "date_time": "20180330 22:48:00", "high": 3499.0, "low": 3491.0, "close": 3496.0, "open": 3491.0}
{"instrument_id": "rb1805", "date_time": "20180330 22:51:00", "high": 3500.0000000000005, "low": 3496.0, "close": 3499.0, "open": 3497.0}
{"instrument_id": "rb1805", "date_time": "20180330 22:54:00", "high": 3503.0, "low": 3497.0, "close": 3500.0, "open": 3500.0}
{"instrument_id": "rb1805", "date_time": "20180330 22:57:00", "high": 3503.0, "low": 3497.0, "close": 3503.0, "open": 3499.0}
{"instrument_id": "rb1805", "date_time": "20180330 09:15:11", "high": 3486.0, "low": 3479.0, "close": 3479.0, "open": 3486.0}
{"instrument_id": "rb1805", "date_time": "20180330 09:18:00", "high": 3486.0000000000005, "low": 3476.0, "close": 3483.0, "open": 3479.0}
{"instrument_id": "rb1805", "date_time": "20180330 09:21:00", "high": 3483.0000000000005, "low": 3478.0, "close": 3481.0, "open": 3483.0}
{"instrument_id": "rb1805", "date_time": "20180330 09:24:00", "high": 3482.0000000000005, "low": 3478.0000000000005, "close": 3480.0, "open": 3481.0}
{"instrument_id": "rb1805", "date_time": "20180330 09:27:00", "high": 3483.0, "low": 3479.0, "close": 3481.0, "open": 3479.0}
{"instrument_id": "rb1805", "date_time": "20180330 09:30:00", "high": 3486.0000000000005, "low": 3480.0, "close": 3485.0, "open": 3480.0}
{"instrument_id": "rb1805", "date_time": "20180330 09:33:00", "high": 3489.0, "low": 3484.0, "close": 3488.0, "open": 3485.0}
{"instrument_id": "rb1805", "date_time": "20180330 09:36:00", "high": 3489.0000000000005, "low": 3477.0, "close": 3478.0, "open": 3488.0}
{"instrument_id": "rb1805", "date_time": "20180330 09:39:00", "high": 3480.0, "low": 3476.0, "close": 3480.0, "open": 3478.0}
{"instrument_id": "rb1805", "date_time": "20180330 09:42:00", "high": 3481.0, "low": 3478.0, "close": 3480.0,