{"instrument_id": "rb1810", "date_time": "20180508 21:52:30", "high": 3660.0000000000005, "low": 3652.0, "close": 3654.0, "open": 3656.0}
{"instrument_id": "rb1810", "date_time": "20180508 22:00:00", "high": 3665.0, "low": 3653.0, "close": 3661.0, "open": 3654.0}
{"instrument_id": "rb1810", "date_time": "20180508 22:30:00", "high": 3661.0, "low": 3643.0, "close": 3652.0, "open": 3661.0}
{"instrument_id": "rb1810", "date_time": "20180508 23:00:00", "high": 3651.0000000000005, "low": 3651.0000000000005, "close": 3651.0000000000005, "open": 3651.0000000000005}
{"instrument_id": "rb1810", "date_time": "20180508 21:25:30", "high": 3655.0, "low": 3652.0, "close": 3655.0, "open": 3653.0}
{"instrument_id": "rb1810", "date_time": "20180508 21:52:30", "high": 3660.0000000000005, "low": 3651.0, "close": 3651.0000000000005, "open": 3656.0}
{"instrument_id": "rb1810", "date_time": "20180508 22:30:00", "high": 3661.0, "low": 3643.0, "close": 3652.0, "open": 3661.0}
{"instrument_id": "rb1810", "date_time": "20180508 23:00:00", "high": 3651.0000000000005, "low": 3651.0000000000005, "close": 3651.0000000000005, "open": 3651.0000000000005}
{"instrument_id": "rb1810", "date_time": "20180508 09:00:00", "high": 3655.0000000000005, "low": 3638.0, "close": 3645.0, "open": 3650.0}
{"instrument_id": "rb1810", "date_time": "20180508 09:30:00", "high": 3663.0, "low": 3644.0, "close": 3651.0, "open": 3646.0}
{"instrument_id": "rb1810", "date_time": "20180508 10:00:00", "high": 3659.0000000000005, "low": 3650.0, "close": 3652.0, "open": 3650.0}
{"instrument_id": "rb1810", "date_time": "20180508 10:30:00", "high": 3671.0000000000005, "low": 3648.0, "close": 3651.0, "open": 3652.0}
{"instrument_id": "rb1810", "date_time": "20180508 11:00:00", "high": 3662.000000000001, "low": 3646.0, "close": 3658.0, "open": 3651.0}
{"instrument_id": "rb1810", "date_time": "20180508 11:30:00", "high": 3658.0, "low": 3658.0, "close": 3658.0, "open": 3658.0}
{"instrument_id": "rb1810", "date_time": "20180508 13:30:00", "high": 3658.0000000000005, "low": 3643.0, "close": 3649.0, "open": 3658.0000000000005}
{"instrument_id": "rb1810", "date_time": "20180508 14:00:00", "high": 3651.0000000000005, "low": 3641.0, "close": 3646.0, "open": 3649.0}
{"instrument_id": "rb1810", "date_time": "20180508 14:30:00", "high": 3651.0, "low": 3634.0, "close": 3637.0, "open": 3646.0}
