{"instrument_id": "rb1810", "date_time": "20180402 22:13:57", "high": 3430.0000000000005, "low": 3395.0, "close": 3428.0, "open": 3410.0}
{"instrument_id": "rb1810", "date_time": "20180402 23:00:00", "high": 3427.0, "low": 3427.0, "close": 3427.0, "open": 3427.0}
{"instrument_id": "rb1810", "date_time": "20180402 21:59:04", "high": 3412.0, "low": 3406.0, "close": 3411.0, "open": 3406.0}
{"instrument_id": "rb1810", "date_time": "20180402 22:13:57", "high": 3430.0000000000005, "low": 3395.0, "close": 3411.0, "open": 3410.0}
{"instrument_id": "rb1810", "date_time": "20180402 23:00:00", "high": 3427.0, "low": 3427.0, "close": 3427.0, "open": 3427.0}
{"instrument_id": "rb1810", "date_time": "20180402 22:13:57", "high": 3430.0000000000005, "low": 3395.0, "close": 3428.0, "open": 3410.0}
{"instrument_id": "rb1810", "date_time": "20180402 23:00:00", "high": 3427.0, "low": 3427.0, "close": 3427.0, "open": 3427.0}
{"instrument_id": "rb1810", "date_time": "20180402 09:00:00", "high": 3468.0000000000005, "low": 3364.0, "close": 3376.0, "open": 3468.0000000000005}
{"instrument_id": "rb1810", "date_time": "20180402 10:00:00", "high": 3377.0, "low": 3356.0, "close": 3368.0, "open": 3376.0}
{"instrument_id": "rb1810", "date_time": "20180402 11:00:00", "high": 3383.0, "low": 3363.0, "close": 3366.0, "open": 3368.0}
{"instrument_id": "rb1810", "date_time": "20180402 13:30:00", "high": 3369.0000000000005, "low": 3343.0, "close": 3351.0000000000005, "open": 3365.0}
{"instrument_id": "rb1810", "date_time": "20180402 14:00:00", "high": 3361.0, "low": 3336.0, "close": 3345.0, "open": 3351.0000000000005}
