{"instrument_id": "rb1805", "date_time": "20180409 15:00:00", "high": 3649.0, "low": 3649.0, "close": 3649.0, "open": 3649.0}
{"instrument_id": "rb1805", "date_time": "20180410 18:32:37", "high": 3649.0, "low": 3649.0, "close": 3649.0, "open": 3649.0}
{"instrument_id": "rb1805", "date_time": "20180410 20:59:00", "high": 3650.0, "low": 3650.0, "close": 3650.0, "open": 3650.0}
{"instrument_id": "rb1805", "date_time": "20180410 21:00:00", "high": 3652.0, "low": 3633.0, "close": 3639.0, "open": 3649.0}
{"instrument_id": "rb1805", "date_time": "20180410 22:00:00", "high": 3653.0, "low": 3639.0, "close": 3650.0, "open": 3639.0}
{"instrument_id": "rb1805", "date_time": "20180410 23:00:00", "high": 3650.0, "low": 3650.0, "close": 3650.0, "open": 3650.0}
{"instrument_id": "rb1805", "date_time": "20180410 21:00:00", "high": 3652.0, "low": 3633.0, "close": 3643.0, "open": 3649.0}
{"instrument_id": "rb1805", "date_time": "20180410 22:00:00", "high": 3653.0, "low": 3639.0, "close": 3650.0, "open": 3639.0}
{"instrument_id": "rb1805", "date_time": "20180410 23:00:00", "high": 3650.0, "low": 3650.0, "close": 3650.0, "open": 3650.0}
{"instrument_id": "rb1805", "date_time": "20180410 09:00:00", "high": 3654.0000000000005, "low": 3634.0, "close": 3635.0000000000005, "open": 3649.0000000000005}
{"instrument_id": "rb1805", "date_time": "20180410 10:00:00", "high": 3651.0, "low": 3628.0, "close": 3649.0, "open": 3636.0}
{"instrument_id": "rb1805", "date_time": "20180410 11:00:00", "high": 3652.0000000000005, "low": 3645.0, "close": 3650.0000000000005, "open": 3649.0}
{"instrument_id": "rb1805", "date_time": "20180410 13:30:00", "high": 3679.000000000001, "low": 3649.0, "close": 3679.0, "open": 3653.0}
{"instrument_id": "rb1805", "date_time": "20180410 14:00:00", "high": 3680.000000000001, "low": 3654.0, "close": 3669.0, "open": 3678.000000000001}
