{"instrument_id": "rb1805", "date_time": "20180410 15:00:00", "high": 3669.0, "low": 3669.0, "close": 3669.0, "open": 3669.0}
{"instrument_id": "rb1805", "date_time": "20180411 18:35:44", "high": 3669.0, "low": 3669.0, "close": 3669.0, "open": 3669.0}
{"instrument_id": "rb1805", "date_time": "20180411 20:59:00", "high": 3670.0, "low": 3670.0, "close": 3670.0, "open": 3670.0}
{"instrument_id": "rb1805", "date_time": "20180411 21:00:00", "high": 3693.0, "low": 3666.0, "close": 3685.0, "open": 3671.0}
{"instrument_id": "rb1805", "date_time": "20180411 22:00:00", "high": 3686.0, "low": 3670.0, "close": 3679.0, "open": 3685.0}
{"instrument_id": "rb1805", "date_time": "20180411 23:00:00", "high": 3679.0, "low": 3679.0, "close": 3679.0, "open": 3679.0}
{"instrument_id": "rb1805", "date_time": "20180411 21:00:00", "high": 3693.0, "low": 3666.0, "close": 3686.0, "open": 3671.0}
{"instrument_id": "rb1805", "date_time": "20180411 22:00:00", "high": 3686.0, "low": 3670.0, "close": 3677.0, "open": 3685.0}
{"instrument_id": "rb1805", "date_time": "20180411 23:00:00", "high": 3679.0, "low": 3679.0, "close": 3679.0, "open": 3679.0}
{"instrument_id": "rb1805", "date_time": "20180411 22:00:00", "high": 3686.0, "low": 3670.0, "close": 3679.0, "open": 3685.0}
{"instrument_id": "rb1805", "date_time": "20180411 23:00:00", "high": 3679.0, "low": 3679.0, "close": 3679.0, "open": 3679.0}
{"instrument_id": "rb1805", "date_time": "20180411 09:00:00", "high": 3692.0, "low": 3656.0, "close": 3659.0, "open": 3679.0}
{"instrument_id": "rb1805", "date_time": "20180411 10:00:00", "high": 3673.0, "low": 3655.0, "close": 3656.0, "open": 3659.0}
{"instrument_id": "rb1805", "date_time": "20180411 11:00:00", "high": 3666.000000000001, "low": 3652.0, "close": 3657.0, "open": 3656.0}
{"instrument_id": "rb1805", "date_time": "20180411 13:30:00", "high": 3665.000000000001, "low": 3652.0, "close": 3665.0, "open": 3656.0}
{"instrument_id": "rb1805", "date_time": "20180411 14:00:00", "high": 3679.000000000001, "low": 3658.0, "close": 3664.000000000001, "open": 3665.0}
