{"instrument_id": "rb1901", "date_time": "20180508 21:52:29", "high": 3517.0, "low": 3509.0, "close": 3512.0, "open": 3514.0}
{"instrument_id": "rb1901", "date_time": "20180508 22:00:02", "high": 3520.0, "low": 3509.0, "close": 3516.0000000000005, "open": 3512.0}
{"instrument_id": "rb1901", "date_time": "20180508 22:30:00", "high": 3518.0, "low": 3500.0, "close": 3512.0, "open": 3516.0000000000005}
{"instrument_id": "rb1901", "date_time": "20180508 23:00:00", "high": 3510.0, "low": 3510.0, "close": 3510.0, "open": 3510.0}
{"instrument_id": "rb1901", "date_time": "20180508 21:25:28", "high": 3512.0, "low": 3509.0, "close": 3510.0, "open": 3511.0}
{"instrument_id": "rb1901", "date_time": "20180508 21:52:29", "high": 3517.0, "low": 3508.0, "close": 3509.0, "open": 3514.0}
{"instrument_id": "rb1901", "date_time": "20180508 22:30:00", "high": 3518.0, "low": 3500.0, "close": 3512.0, "open": 3516.0000000000005}
{"instrument_id": "rb1901", "date_time": "20180508 23:00:00", "high": 3510.0, "low": 3510.0, "close": 3510.0, "open": 3510.0}
{"instrument_id": "rb1901", "date_time": "20180508 09:00:00", "high": 3513.0, "low": 3494.0, "close": 3501.0, "open": 3509.0000000000005}
{"instrument_id": "rb1901", "date_time": "20180508 09:30:00", "high": 3515.0000000000005, "low": 3498.0, "close": 3505.0, "open": 3501.0}
{"instrument_id": "rb1901", "date_time": "20180508 10:00:00", "high": 3513.0, "low": 3505.0, "close": 3506.0, "open": 3505.0}
{"instrument_id": "rb1901", "date_time": "20180508 10:30:00", "high": 3522.0, "low": 3498.0, "close": 3502.0, "open": 3506.0}
{"instrument_id": "rb1901", "date_time": "20180508 11:00:00", "high": 3511.0, "low": 3498.0, "close": 3508.0, "open": 3502.0}
{"instrument_id": "rb1901", "date_time": "20180508 11:30:00", "high": 3508.0, "low": 3508.0, "close": 3508.0, "open": 3508.0}
{"instrument_id": "rb1901", "date_time": "20180508 13:30:00", "high": 3507.0, "low": 3498.0, "close": 3501.0, "open": 3507.0}
{"instrument_id": "rb1901", "date_time": "20180508 14:00:01", "high": 3504.0, "low": 3495.0, "close": 3499.0, "open": 3501.0}
{"instrument_id": "rb1901", "date_time": "20180508 14:30:01", "high": 3502.0, "low": 3483.0, "close": 3486.0, "open": 3499.0}
