{"instrument_id": "rb1901", "date_time": "20180509 09:04:41", "high": 3467.0, "low": 3464.0, "close": 3466.0, "open": 3464.0}
{"instrument_id": "rb1901", "date_time": "20180509 09:06:00", "high": 3470.0000000000005, "low": 3464.0, "close": 3467.0, "open": 3466.0}
{"instrument_id": "rb1901", "date_time": "20180509 09:09:00", "high": 3467.0, "low": 3462.0, "close": 3462.0, "open": 3467.0}
{"instrument_id": "rb1901", "date_time": "20180509 09:12:00", "high": 3464.0000000000005, "low": 3460.0, "close": 3463.0000000000005, "open": 3462.0}
{"instrument_id": "rb1901", "date_time": "20180509 09:15:00", "high": 3470.0000000000005, "low": 3463.0000000000005, "close": 3470.0, "open": 3463.0000000000005}
{"instrument_id": "rb1901", "date_time": "20180509 09:18:00", "high": 3473.0, "low": 3467.0, "close": 3469.0, "open": 3470.0}
{"instrument_id": "rb1901", "date_time": "20180509 09:21:00", "high": 3470.0, "low": 3465.0, "close": 3465.0, "open": 3469.0}
{"instrument_id": "rb1901", "date_time": "20180509 09:24:02", "high": 3466.0000000000005, "low": 3464.0, "close": 3465.0, "open": 3465.0}
{"instrument_id": "rb1901", "date_time": "20180509 09:27:01", "high": 3467.0, "low": 3463.0, "close": 3467.0, "open": 3465.0}
{"instrument_id": "rb1901", "date_time": "20180509 09:30:00", "high": 3470.0, "low": 3467.0, "close": 3468.0, "open": 3467.0}
{"instrument_id": "rb1901", "date_time": "20180509 09:33:00", "high": 3471.0, "low": 3467.0, "close": 3470.0, "open": 3468.0}
{"instrument_id": "rb1901", "date_time": "20180509 09:36:00", "high": 3470.0, "low": 3465.0, "close": 3465.0, "open": 3470.0}
{"instrument_id": "rb1901", "date_time": "20180509 09:39:00", "high": 3466.0, "low": 3465.0, "close": 3466.0, "open": 3466.0}
{"instrument_id": "rb1901", "date_time": "20180509 09:42:00", "high": 3467.0, "low": 3464.0, "close": 3465.0, "open": 3466.0}
{"instrument_id": "rb1901", "date_time": "20180509 09:45:00", "high": 3466.0000000000005, "low": 3459.0, "close": 3461.0, "open": 3465.0}
{"instrument_id": "rb1901", "date_time": "20180509 09:48:00", "high": 3461.0, "low": 3456.0, "close": 3459.0, "open": 3460.0}
{"instrument_id": "rb1901", "date_time": "20180509 09:51:00", "high": 3460.0, "low": 3453.0, "close": 3457.0, "open": 3459.0}
{"instrument_id": "rb1901", "date_time": "20180509 09:54:00", "high": 3460.0000000000005, "low": 3456.0, "close": 3457.0, "open": 3457.0}
{"instrument_id": "rb1901", "date_time": "20180509 09:57:00", "high": 3462.0, "low": 3456.0, "close": 3460.0, "open": 3457.0}
{"instrument_id": "rb1901", "date_time": "20180509 10:00:00", "high": 3462.0, "low": 3454.0, "close": 3454.0, "open": 3460.0}
{"instrument_id": "rb1901", "date_time": "20180509 10:03:00", "high": 3454.0, "low": 3447.0, "close": 3447.0000000000005, "open": 3454.0}
{"instrument_id": "rb1901", "date_time": "20180509 10:06:00", "high": 3448.0000000000005, "low": 3441.0, "close": 3443.0000000000005, "open": 3447.0000000000005}
{"instrument_id": "rb1901", "date_time": "20180509 10:09:00", "high": 3452.0, "low": 3442.0, "close": 3452.0, "open": 3443.0000000000005}
{"instrument_id": "rb1901", "date_time": "20180509 10:12:00", "high": 3461.0, "low": 3450.0, "close": 3459.0, "open": 3452.0}
{"instrument_id": "rb1901", "date_time": "20180509 10:15:00", "high": 3459.0, "low": 3459.0, "close": 3459.0, "open": 3459.0}
{"instrument_id": "rb1901", "date_time": "20180509 10:30:00", "high": 3461.0000000000005, "low": 3457.0, "close": 3459.0, "open": 3459.0}
{"instrument_id": "rb1901", "date_time": "20180509 10:33:00", "high": 3459.0, "low": 3455.0, "close": 3456.0, "open": 3459.0}
{"instrument_id": "rb1901", "date_time": "20180509 10:36:03", "high": 3458.0, "low": 3454.0, "close": 3457.0, "open": 3455.0}
{"instrument_id": "rb1901", "date_time": "20180509 10:39:00", "high": 3458.0, "low": 3455.0, "close": 3456.0, "open": 3456.0000000000005}
{"instrument_id": "rb1901", "date_time": "20180509 10:42:00", "high": 3457.0, "low": 3456.0, "close": 3456.0, "open": 3456.0}
{"instrument_id": "rb1901", "date_time": "20180509 10:45:01", "high": 3456.0, "low": 3448.0, "close": 3448.0, "open": 3456.0}
{"instrument_id": "rb1901", "date_time": "20180509 10:48:00", "high": 3453.0, "low": 3448.0, "close": 3453.0, "open": 3448.0}
{"instrument_id": "rb1901", "date_time": "20180509 10:51:00", "high": 3456.0, "low": 3450.0, "close": 3455.0, "open": 3453.0}
{"instrument_id": "rb1901", "date_time": "20180509 10:54:00", "high": 3457.0, "low": 3445.0, "close": 3448.0, "open": 3456.0}
{"instrument_id": "rb1901", "date_time": "20180509 10:57:00", "high": 3451.0, "low": 3447.0, "close": 3450.0000000000005, "open": 3448.0}
{"instrument_id": "rb1901", "date_time": "20180509 11:00:00", "high": 3452.0, "low": 3449.0, "close": 3452.0, "open": 3451.0}
{"instrument_id": "rb1901", "date_time": "20180509 11:03:01", "high": 3457.0, "low": 3452.0, "close": 3454.0, "open": 3452.0}
{"instrument_id": "rb1901", "date_time": "20180509 11:06:01", "high": 3454.0, "low": 3447.0, "close": 3448.0, "open": 3454.0}
{"instrument_id": "rb1901", "date_time": "20180509 11:09:00", "high": 3451.0000000000005, "low": 3447.0, "close": 3448.0, "open": 3448.0}
{"instrument_id": "rb1901", "date_time": "20180509 11:12:00", "high": 3452.0000000000005, "low": 3448.0, "close": 3452.0000000000005, "open": 3448.0}
{"instrument_id": "rb1901", "date_time": "20180509 11:15:00", "high": 3457.0, "low": 3444.0, "close": 3457.0, "open": 3452.0000000000005}
{"instrument_id": "rb1901", "date_time": "20180509 11:18:00", "high": 3461.0, "low": 3449.0, "close": 3453.0000000000005, "open": 3455.0}
{"instrument_id": "rb1901", "date_time": "20180509 11:21:00", "high": 3453.0000000000005, "low": 3449.0, "close": 3451.0, "open": 3453.0000000000005}
{"instrument_id": "rb1901", "date_time": "20180509 11:24:00", "high": 3456.0, "low": 3451.0, "close": 3456.0, "open": 3451.0}
{"instrument_id": "rb1901", "date_time": "20180509 11:27:01", "high": 3462.0, "low": 3450.0, "close": 3450.0, "open": 3456.0}
{"instrument_id": "rb1901", "date_time": "20180509 11:30:00", "high": 3450.0, "low": 3450.0, "close": 3450.0, "open": 3450.0}
{"instrument_id": "rb1901", "date_time": "20180509 13:30:00", "high": 3453.0, "low": 3446.0, "close": 3448.0, "open": 3450.0}
{"instrument_id": "rb1901", "date_time": "20180509 13:33:00", "high": 3448.0, "low": 3438.0, "close": 3445.0, "open": 3448.0}
{"instrument_id": "rb1901", "date_time": "20180509 13:36:00", "high": 3446.0, "low": 3443.0, "close": 3443.0, "open": 3445.0}
{"instrument_id": "rb1901", "date_time": "20180509 13:39:01", "high": 3447.0, "low": 3443.0, "close": 3447.0, "open": 3443.0}
{"instrument_id": "rb1901", "date_time": "20180509 13:42:00", "high": 3449.0, "low": 3445.0, "close": 3445.0, "open": 3447.0}
{"instrument_id": "rb1901", "date_time": "20180509 13:45:01", "high": 3445.0, "low": 3439.0, "close": 3442.0, "open": 3445.0}
{"instrument_id": "rb1901", "date_time": "20180509 13:48:01", "high": 3442.0, "low": 3437.0, "close": 3439.0, "open": 3442.0}
{"instrument_id": "rb1901", "date_time": "20180509 13:51:00", "high": 3442.0, "low": 3437.0, "close": 3439.0, "open": 3439.0}
{"instrument_id": "rb1901", "date_time": "20180509 13:54:00", "high": 3444.0, "low": 3438.0, "close": 3443.0000000000005, "open": 3439.0}
{"instrument_id": "rb1901", "date_time": "20180509 13:57:00", "high": 3445.0, "low": 3442.0, "close": 3444.0, "open": 3443.0000000000005}
{"instrument_id": "rb1901", "date_time": "20180509 14:00:00", "high": 3444.0, "low": 3440.0, "close": 3440.0, "open": 3444.0}
{"instrument_id": "rb1901", "date_time": "20180509 14:03:00", "high": 3441.0, "low": 3438.0, "close": 3440.0, "open": 3440.0}
{"instrument_id": "rb1901", "date_time": "20180509 14:06:00", "high": 3440.0, "low": 3431.0, "close": 3432.0, "open": 3440.0}
{"instrument_id": "rb1901", "date_time": "20180509 14:09:00", "high": 3436.0, "low": 3430.0, "close": 3435.0, "open": 3432.0}
{"instrument_id": "rb1901", "date_time": "20180509 14:12:00", "high": 3435.0, "low": 3432.0, "close": 3435.0,