{"instrument_id": "rb1901", "date_time": "20180509 09:04:41", "high": 3470.0000000000005, "low": 3464.0, "close": 3464.0, "open": 3464.0}
{"instrument_id": "rb1901", "date_time": "20180509 09:10:00", "high": 3473.0, "low": 3460.0, "close": 3467.0, "open": 3464.0}
{"instrument_id": "rb1901", "date_time": "20180509 09:23:00", "high": 3471.0, "low": 3463.0, "close": 3470.0, "open": 3467.0}
{"instrument_id": "rb1901", "date_time": "20180509 09:36:00", "high": 3470.0, "low": 3457.0, "close": 3459.0, "open": 3470.0}
{"instrument_id": "rb1901", "date_time": "20180509 09:49:00", "high": 3462.0, "low": 3453.0, "close": 3458.0, "open": 3459.0}
{"instrument_id": "rb1901", "date_time": "20180509 10:02:00", "high": 3461.0, "low": 3441.0, "close": 3459.0, "open": 3458.0}
{"instrument_id": "rb1901", "date_time": "20180509 10:15:00", "high": 3459.0, "low": 3459.0, "close": 3459.0, "open": 3459.0}
{"instrument_id": "rb1901", "date_time": "20180509 10:30:00", "high": 3461.0000000000005, "low": 3454.0, "close": 3456.0, "open": 3459.0}
{"instrument_id": "rb1901", "date_time": "20180509 10:41:00", "high": 3457.0, "low": 3448.0, "close": 3455.0, "open": 3456.0}
{"instrument_id": "rb1901", "date_time": "20180509 10:54:00", "high": 3457.0, "low": 3445.0, "close": 3449.0, "open": 3456.0}
{"instrument_id": "rb1901", "date_time": "20180509 11:07:00", "high": 3461.0, "low": 3444.0, "close": 3453.0000000000005, "open": 3449.0}
{"instrument_id": "rb1901", "date_time": "20180509 11:20:00", "high": 3462.0, "low": 3449.0, "close": 3450.0, "open": 3453.0000000000005}
{"instrument_id": "rb1901", "date_time": "20180509 13:30:00", "high": 3453.0, "low": 3438.0, "close": 3449.0, "open": 3450.0}
{"instrument_id": "rb1901", "date_time": "20180509 13:43:00", "high": 3449.0, "low": 3437.0, "close": 3443.0, "open": 3449.0}
{"instrument_id": "rb1901", "date_time": "20180509 13:56:00", "high": 3445.0, "low": 3431.0, "close": 3432.0, "open": 3443.0}
{"instrument_id": "rb1901", "date_time": "20180509 14:09:00", "high": 3436.0, "low": 3426.0, "close": 3429.0, "open": 3432.0}
{"instrument_id": "rb1901", "date_time": "20180509 14:22:00", "high": 3433.0000000000005, "low": 3422.0, "close": 3425.0, "open": 3429.0}
{"instrument_id": "rb1901", "date_time": "20180509 14:35:00", "high": 3427.0, "low": 3421.0000000000005, "close": 3425.0, "open": 3425.0}
{"instrument_id": "rb1901", "date_time": "20180509 14:48:01", "high": 3430.0000000000005, "low": 3421.0, "close": 3427.0, "open": 3425.0}
