{"instrument_id": "rb1901", "date_time": "20180509 09:04:41", "high": 3473.0, "low": 3460.0, "close": 3467.0, "open": 3464.0}
{"instrument_id": "rb1901", "date_time": "20180509 09:30:00", "high": 3471.0, "low": 3453.0, "close": 3460.0, "open": 3467.0}
{"instrument_id": "rb1901", "date_time": "20180509 10:00:00", "high": 3462.0, "low": 3441.0, "close": 3459.0, "open": 3460.0}
{"instrument_id": "rb1901", "date_time": "20180509 10:30:00", "high": 3461.0000000000005, "low": 3445.0, "close": 3450.0000000000005, "open": 3459.0}
{"instrument_id": "rb1901", "date_time": "20180509 11:00:00", "high": 3462.0, "low": 3444.0, "close": 3450.0, "open": 3451.0}
{"instrument_id": "rb1901", "date_time": "20180509 11:30:00", "high": 3450.0, "low": 3450.0, "close": 3450.0, "open": 3450.0}
{"instrument_id": "rb1901", "date_time": "20180509 13:30:00", "high": 3453.0, "low": 3437.0, "close": 3444.0, "open": 3450.0}
{"instrument_id": "rb1901", "date_time": "20180509 14:00:00", "high": 3444.0, "low": 3422.0, "close": 3422.0, "open": 3444.0}
{"instrument_id": "rb1901", "date_time": "20180509 14:30:00", "high": 3430.0000000000005, "low": 3421.0, "close": 3427.0, "open": 3422.0}
