{"instrument_id": "rb1901", "date_time": "20180508 21:52:29", "high": 3514.0000000000005, "low": 3513.0, "close": 3514.0000000000005, "open": 3514.0}
{"instrument_id": "rb1901", "date_time": "20180508 21:54:00", "high": 3520.0, "low": 3509.0, "close": 3520.0, "open": 3514.0000000000005}
{"instrument_id": "rb1901", "date_time": "20180508 22:07:00", "high": 3520.0, "low": 3512.0, "close": 3513.0, "open": 3520.0}
{"instrument_id": "rb1901", "date_time": "20180508 22:20:00", "high": 3517.0, "low": 3509.0, "close": 3512.0000000000005, "open": 3513.0}
{"instrument_id": "rb1901", "date_time": "20180508 22:33:00", "high": 3513.0, "low": 3500.0, "close": 3510.0, "open": 3512.0000000000005}
{"instrument_id": "rb1901", "date_time": "20180508 22:46:01", "high": 3518.0, "low": 3510.0, "close": 3514.0, "open": 3510.0}
{"instrument_id": "rb1901", "date_time": "20180508 22:59:00", "high": 3514.0, "low": 3510.0, "close": 3510.0, "open": 3514.0}
{"instrument_id": "rb1901", "date_time": "20180508 21:25:28", "high": 3512.0, "low": 3510.0, "close": 3512.0, "open": 3511.0}
{"instrument_id": "rb1901", "date_time": "20180508 21:28:31", "high": 3512.0, "low": 3508.0, "close": 3509.0, "open": 3512.0}
{"instrument_id": "rb1901", "date_time": "20180508 22:33:00", "high": 3513.0, "low": 3500.0, "close": 3510.0, "open": 3512.0000000000005}
{"instrument_id": "rb1901", "date_time": "20180508 22:46:01", "high": 3518.0, "low": 3510.0, "close": 3514.0, "open": 3510.0}
{"instrument_id": "rb1901", "date_time": "20180508 22:59:00", "high": 3514.0, "low": 3510.0, "close": 3510.0, "open": 3514.0}
{"instrument_id": "rb1901", "date_time": "20180508 09:00:00", "high": 3513.0, "low": 3505.0, "close": 3508.0, "open": 3509.0000000000005}
{"instrument_id": "rb1901", "date_time": "20180508 09:07:00", "high": 3509.0, "low": 3494.0, "close": 3505.0, "open": 3508.0}
{"instrument_id": "rb1901", "date_time": "20180508 09:20:00", "high": 3511.0, "low": 3498.0, "close": 3510.0, "open": 3505.0}
{"instrument_id": "rb1901", "date_time": "20180508 09:33:00", "high": 3515.0000000000005, "low": 3507.0, "close": 3510.0, "open": 3510.0}
{"instrument_id": "rb1901", "date_time": "20180508 09:46:01", "high": 3510.0, "low": 3501.0, "close": 3506.0, "open": 3510.0}
{"instrument_id": "rb1901", "date_time": "20180508 09:59:00", "high": 3513.0, "low": 3504.0, "close": 3509.0, "open": 3506.0}
{"instrument_id": "rb1901", "date_time": "20180508 10:12:00", "high": 3510.0, "low": 3506.0, "close": 3506.0, "open": 3509.0}
{"instrument_id": "rb1901", "date_time": "20180508 10:30:00", "high": 3508.0, "low": 3500.0, "close": 3504.0, "open": 3506.0}
{"instrument_id": "rb1901", "date_time": "20180508 10:38:00", "high": 3508.0, "low": 3502.0, "close": 3508.0, "open": 3504.0}
{"instrument_id": "rb1901", "date_time": "20180508 10:51:00", "high": 3522.0, "low": 3498.0, "close": 3501.0, "open": 3508.0}
{"instrument_id": "rb1901", "date_time": "20180508 11:04:00", "high": 3508.0, "low": 3498.0, "close": 3505.0, "open": 3501.0}
{"instrument_id": "rb1901", "date_time": "20180508 11:17:03", "high": 3511.0, "low": 3504.0, "close": 3508.0, "open": 3505.0}
{"instrument_id": "rb1901", "date_time": "20180508 11:30:00", "high": 3508.0, "low": 3508.0, "close": 3508.0, "open": 3508.0}
{"instrument_id": "rb1901", "date_time": "20180508 13:30:00", "high": 3507.0, "low": 3500.0, "close": 3501.0, "open": 3507.0}
{"instrument_id": "rb1901", "date_time": "20180508 13:40:00", "high": 3504.0, "low": 3498.0, "close": 3502.0, "open": 3501.0}
{"instrument_id": "rb1901", "date_time": "20180508 13:53:00", "high": 3504.0, "low": 3495.0, "close": 3497.0, "open": 3502.0}
{"instrument_id": "rb1901", "date_time": "20180508 14:06:00", "high": 3504.0, "low": 3497.0, "close": 3503.0, "open": 3497.0}
{"instrument_id": "rb1901", "date_time": "20180508 14:19:01", "high": 3503.0, "low": 3495.0, "close": 3498.0, "open": 3503.0}
{"instrument_id": "rb1901", "date_time": "20180508 14:32:00", "high": 3499.0000000000005, "low": 3495.0, "close": 3496.0, "open": 3498.0}
{"instrument_id": "rb1901", "date_time": "20180508 14:45:02", "high": 3497.0, "low": 3491.0, "close": 3492.0, "open": 3496.0}
{"instrument_id": "rb1901", "date_time": "20180508 14:58:00", "high": 3493.0, "low": 3483.0, "close": 3487.0, "open": 3493.0}
